# Utah Teapot Model
# Version: 1976 - Jim Blinn
# Triangle Mesh Resolution: 7 (2716 faces)
o Utah Teapot

v -1.5 2.1 0
v -1.505539 2.087536 -0.1102041
v -1.519825 2.055394 -0.1836735
v -1.539358 2.011443 -0.2204082
v -1.560641 1.963557 -0.2204082
v -1.580175 1.919606 -0.1836735
v -1.594461 1.887464 -0.1102041
v -1.6 1.875 0
v -1.897959 2.098688 0
v -1.897039 2.086261 -0.1102041
v -1.894665 2.054212 -0.1836735
v -1.891418 2.010389 -0.2204082
v -1.887882 1.962643 -0.2204082
v -1.884636 1.91882 -0.1836735
v -1.882262 1.886771 -0.1102041
v -1.881341 1.874344 0
v -2.234694 2.089504 0
v -2.228573 2.077332 -0.1102041
v -2.212789 2.045938 -0.1836735
v -2.191204 2.003013 -0.2204082
v -2.167688 1.956244 -0.2204082
v -2.146104 1.913318 -0.1836735
v -2.130319 1.881925 -0.1102041
v -2.124198 1.869752 0
v -2.510204 2.064577 0
v -2.500046 2.053094 -0.1102041
v -2.473848 2.023482 -0.1836735
v -2.438027 1.982991 -0.2204081
v -2.398998 1.938874 -0.2204082
v -2.363178 1.898383 -0.1836735
v -2.33698 1.868771 -0.1102041
v -2.326822 1.857288 0
v -2.72449 2.016035 0
v -2.71136 2.005897 -0.1102041
v -2.677499 1.979752 -0.1836735
v -2.631199 1.944002 -0.2204082
v -2.580754 1.905051 -0.2204082
v -2.534454 1.869301 -0.1836735
v -2.500593 1.843155 -0.1102041
v -2.487463 1.833018 0
v -2.877551 1.936006 0
v -2.862419 1.928084 -0.1102041
v -2.823393 1.907655 -0.1836735
v -2.770031 1.879722 -0.2204082
v -2.711892 1.849287 -0.2204082
v -2.658531 1.821353 -0.1836735
v -2.619505 1.800924 -0.1102041
v -2.604373 1.793003 0
v -2.969388 1.816618 0
v -2.953125 1.812003 -0.1102041
v -2.911184 1.800102 -0.1836735
v -2.853836 1.783828 -0.2204082
v -2.791353 1.766098 -0.2204082
v -2.734005 1.749825 -0.1836735
v -2.692065 1.737924 -0.1102041
v -2.675802 1.733309 0
v -3 1.65 0
v -2.983382 1.65 -0.1102041
v -2.940525 1.65 -0.1836735
v -2.881924 1.65 -0.2204082
v -2.818076 1.65 -0.2204082
v -2.759475 1.65 -0.1836735
v -2.716618 1.65 -0.1102041
v -2.7 1.65 0
v -1.505539 2.087536 0.1102041
v -1.519825 2.055394 0.1836735
v -1.539358 2.011443 0.2204082
v -1.560641 1.963557 0.2204082
v -1.580175 1.919606 0.1836735
v -1.594461 1.887464 0.1102041
v -1.897039 2.086261 0.1102041
v -1.894665 2.054212 0.1836735
v -1.891418 2.010389 0.2204082
v -1.887882 1.962643 0.2204082
v -1.884636 1.91882 0.1836735
v -1.882262 1.886771 0.1102041
v -2.228573 2.077332 0.1102041
v -2.212789 2.045938 0.1836735
v -2.191204 2.003013 0.2204082
v -2.167688 1.956244 0.2204082
v -2.146104 1.913318 0.1836735
v -2.130319 1.881925 0.1102041
v -2.500046 2.053094 0.1102041
v -2.473848 2.023482 0.1836735
v -2.438027 1.982991 0.2204081
v -2.398998 1.938874 0.2204082
v -2.363178 1.898383 0.1836735
v -2.33698 1.868771 0.1102041
v -2.71136 2.005897 0.1102041
v -2.677499 1.979752 0.1836735
v -2.631199 1.944002 0.2204082
v -2.580754 1.905051 0.2204082
v -2.534454 1.869301 0.1836735
v -2.500593 1.843155 0.1102041
v -2.862419 1.928084 0.1102041
v -2.823393 1.907655 0.1836735
v -2.770031 1.879722 0.2204082
v -2.711892 1.849287 0.2204082
v -2.658531 1.821353 0.1836735
v -2.619505 1.800924 0.1102041
v -2.953125 1.812003 0.1102041
v -2.911184 1.800102 0.1836735
v -2.853836 1.783828 0.2204082
v -2.791353 1.766098 0.2204082
v -2.734005 1.749825 0.1836735
v -2.692065 1.737924 0.1102041
v -2.983382 1.65 0.1102041
v -2.940525 1.65 0.1836735
v -2.881924 1.65 0.2204082
v -2.818076 1.65 0.2204082
v -2.759475 1.65 0.1836735
v -2.716618 1.65 0.1102041
v -2.978426 1.459548 0
v -2.962308 1.464066 -0.1102041
v -2.920742 1.475718 -0.1836735
v -2.863907 1.491649 -0.2204082
v -2.801982 1.509007 -0.2204082
v -2.745147 1.524939 -0.1836735
v -2.703581 1.53659 -0.1102041
v -2.687464 1.541108 0
v -2.91312 1.274344 0
v -2.898472 1.281999 -0.1102041
v -2.860696 1.301741 -0.1836735
v -2.809043 1.328735 -0.2204082
v -2.752765 1.358146 -0.2204082
v -2.701112 1.38514 -0.1836735
v -2.663336 1.404882 -0.1102041
v -2.648688 1.412537 0
v -2.803207 1.095043 0
v -2.790949 1.104855 -0.1102041
v -2.759337 1.130157 -0.1836735
v -2.716112 1.164753 -0.2204081
v -2.669018 1.202448 -0.2204082
v -2.625793 1.237044 -0.1836735
v -2.594182 1.262346 -0.1102041
v -2.581924 1.272157 0
v -2.647813 0.9223032 0
v -2.638818 0.9336888 -0.1102041
v -2.61562 0.9630516 -0.1836735
v -2.583898 1.0032 -0.2204082
v -2.549337 1.046945 -0.2204082
v -2.517617 1.087094 -0.1836735
v -2.494418 1.116457 -0.1102041
v -2.485423 1.127842 0
v -2.446064 0.7567783 0
v -2.441155 0.7695569 -0.1102041
v -2.428493 0.8025119 -0.1836735
v -2.41118 0.8475727 -0.2204082
v -2.392318 0.8966691 -0.2204082
v -2.375005 0.94173 -0.1836735
v -2.362344 0.974685 -0.1102041
v -2.357434 0.9874635 0
v -2.197084 0.5991254 0
v -2.197036 0.6135148 -0.1102041
v -2.196911 0.6506244 -0.1836735
v -2.19674 0.7013659 -0.2204082
v -2.196554 0.7566515 -0.2204082
v -2.196383 0.8073932 -0.1836735
v -2.196258 0.8445027 -0.1102041
v -2.19621 0.8588921 0
v -1.9 0.45 0
v -1.905539 0.4666181 -0.1102041
v -1.919825 0.5094753 -0.1836735
v -1.939358 0.5680758 -0.2204082
v -1.960641 0.6319243 -0.2204082
v -1.980175 0.6905248 -0.1836735
v -1.994461 0.733382 -0.1102041
v -2 0.75 0
v -2.962308 1.464066 0.1102041
v -2.920742 1.475718 0.1836735
v -2.863907 1.491649 0.2204082
v -2.801982 1.509007 0.2204082
v -2.745147 1.524939 0.1836735
v -2.703581 1.53659 0.1102041
v -2.898472 1.281999 0.1102041
v -2.860696 1.301741 0.1836735
v -2.809043 1.328735 0.2204082
v -2.752765 1.358146 0.2204082
v -2.701112 1.38514 0.1836735
v -2.663336 1.404882 0.1102041
v -2.790949 1.104855 0.1102041
v -2.759337 1.130157 0.1836735
v -2.716112 1.164753 0.2204081
v -2.669018 1.202448 0.2204082
v -2.625793 1.237044 0.1836735
v -2.594182 1.262346 0.1102041
v -2.638818 0.9336888 0.1102041
v -2.61562 0.9630516 0.1836735
v -2.583898 1.0032 0.2204082
v -2.549337 1.046945 0.2204082
v -2.517617 1.087094 0.1836735
v -2.494418 1.116457 0.1102041
v -2.441155 0.7695569 0.1102041
v -2.428493 0.8025119 0.1836735
v -2.41118 0.8475727 0.2204082
v -2.392318 0.8966691 0.2204082
v -2.375005 0.94173 0.1836735
v -2.362344 0.974685 0.1102041
v -2.197036 0.6135148 0.1102041
v -2.196911 0.6506244 0.1836735
v -2.19674 0.7013659 0.2204082
v -2.196554 0.7566515 0.2204082
v -2.196383 0.8073932 0.1836735
v -2.196258 0.8445027 0.1102041
v -1.905539 0.4666181 0.1102041
v -1.919825 0.5094753 0.1836735
v -1.939358 0.5680758 0.2204082
v -1.960641 0.6319243 0.2204082
v -1.980175 0.6905248 0.1836735
v -1.994461 0.733382 0.1102041
v 2.8 2.25 0
v 2.822158 2.25 -0.05510205
v 2.8793 2.25 -0.09183676
v 2.957434 2.25 -0.1102041
v 3.042565 2.25 -0.1102041
v 3.1207 2.25 -0.09183674
v 3.177843 2.25 -0.05510204
v 3.2 2.25 0
v 2.831195 2.277551 0
v 2.856947 2.27826 -0.05713692
v 2.923356 2.280087 -0.09522821
v 3.014161 2.282586 -0.1142738
v 3.113098 2.285308 -0.1142738
v 3.203904 2.287807 -0.09522819
v 3.270314 2.289634 -0.0571369
v 3.296064 2.290343 0
v 2.8414 2.295918 0
v 2.870599 2.297009 -0.06238474
v 2.945901 2.29982 -0.1039746
v 3.048864 2.303664 -0.1247694
v 3.161049 2.307852 -0.1247695
v 3.264013 2.311696 -0.1039746
v 3.339314 2.314508 -0.06238472
v 3.368513 2.315598 0
v 2.834111 2.305102 0
v 2.866297 2.306301 -0.0695603
v 2.949304 2.309394 -0.1159339
v 3.062803 2.313622 -0.1391206
v 3.186467 2.318229 -0.1391206
v 3.299967 2.322457 -0.1159338
v 3.382974 2.32555 -0.06956029
v 3.41516 2.326749 0
v 2.812828 2.305102 0
v 2.847227 2.306192 -0.07737848
v 2.93594 2.309003 -0.1289641
v 3.057241 2.312847 -0.1547569
v 3.189406 2.317036 -0.1547569
v 3.310708 2.32088 -0.1289641
v 3.39942 2.323691 -0.07737847
v 3.433819 2.324781 0
v 2.781049 2.295918 0
v 2.816571 2.296736 -0.08455406
v 2.908179 2.298845 -0.1409234
v 3.033438 2.301727 -0.1691081
v 3.169915 2.304868 -0.1691081
v 3.295174 2.307752 -0.1409234
v 3.386782 2.30986 -0.08455405
v 3.422303 2.310678 0
v 2.742274 2.277551 0
v 2.777513 2.277987 -0.08980187
v 2.868392 2.279112 -0.1496698
v 2.992654 2.280649 -0.1796037
v 3.128046 2.282324 -0.1796037
v 3.252308 2.283862 -0.1496698
v 3.343187 2.284987 -0.08980186
v 3.378426 2.285423 0
v 2.7 2.25 0
v 2.733236 2.25 -0.09183674
v 2.818951 2.25 -0.1530612
v 2.936152 2.25 -0.1836734
v 3.063848 2.25 -0.1836735
v 3.18105 2.25 -0.1530612
v 3.266764 2.25 -0.09183673
v 3.3 2.25 0
v 2.822158 2.25 0.05510205
v 2.8793 2.25 0.09183676
v 2.957434 2.25 0.1102041
v 3.042565 2.25 0.1102041
v 3.1207 2.25 0.09183674
v 3.177843 2.25 0.05510204
v 2.856947 2.27826 0.05713692
v 2.923356 2.280087 0.09522821
v 3.014161 2.282586 0.1142738
v 3.113098 2.285308 0.1142738
v 3.203904 2.287807 0.09522819
v 3.270314 2.289634 0.0571369
v 2.870599 2.297009 0.06238474
v 2.945901 2.29982 0.1039746
v 3.048864 2.303664 0.1247694
v 3.161049 2.307852 0.1247695
v 3.264013 2.311696 0.1039746
v 3.339314 2.314508 0.06238472
v 2.866297 2.306301 0.0695603
v 2.949304 2.309394 0.1159339
v 3.062803 2.313622 0.1391206
v 3.186467 2.318229 0.1391206
v 3.299967 2.322457 0.1159338
v 3.382974 2.32555 0.06956029
v 2.847227 2.306192 0.07737848
v 2.93594 2.309003 0.1289641
v 3.057241 2.312847 0.1547569
v 3.189406 2.317036 0.1547569
v 3.310708 2.32088 0.1289641
v 3.39942 2.323691 0.07737847
v 2.816571 2.296736 0.08455406
v 2.908179 2.298845 0.1409234
v 3.033438 2.301727 0.1691081
v 3.169915 2.304868 0.1691081
v 3.295174 2.307752 0.1409234
v 3.386782 2.30986 0.08455405
v 2.777513 2.277987 0.08980187
v 2.868392 2.279112 0.1496698
v 2.992654 2.280649 0.1796037
v 3.128046 2.282324 0.1796037
v 3.252308 2.283862 0.1496698
v 3.343187 2.284987 0.08980186
v 2.733236 2.25 0.09183674
v 2.818951 2.25 0.1530612
v 2.936152 2.25 0.1836734
v 3.063848 2.25 0.1836735
v 3.18105 2.25 0.1530612
v 3.266764 2.25 0.09183673
v 2.565889 2.101531 0
v 2.590017 2.098345 -0.1001797
v 2.652241 2.09013 -0.1669662
v 2.737323 2.078897 -0.2003594
v 2.830024 2.066658 -0.2003594
v 2.915106 2.055424 -0.1669662
v 2.97733 2.047209 -0.1001797
v 3.001458 2.044024 0
v 2.484257 1.92551 0
v 2.503637 1.916814 -0.1216957
v 2.553616 1.894386 -0.2028262
v 2.621954 1.863719 -0.2433915
v 2.696413 1.830305 -0.2433915
v 2.764752 1.799638 -0.2028262
v 2.814731 1.77721 -0.1216957
v 2.834111 1.768513 0
v 2.421866 1.740306 0
v 2.439114 1.7245 -0.1511156
v 2.483595 1.683735 -0.2518593
v 2.544416 1.627996 -0.3022312
v 2.610685 1.567266 -0.3022312
v 2.671507 1.511527 -0.2518593
v 2.715988 1.470763 -0.1511156
v 2.733236 1.454956 0
v 2.345481 1.564286 0
v 2.361469 1.540497 -0.1831701
v 2.402702 1.479148 -0.3052835
v 2.459081 1.395262 -0.3663402
v 2.52051 1.303864 -0.3663402
v 2.57689 1.219978 -0.3052835
v 2.618123 1.158628 -0.1831701
v 2.63411 1.13484 0
v 2.221866 1.415816 0
v 2.235723 1.3839 -0.21259
v 2.271457 1.301591 -0.3543167
v 2.32032 1.189045 -0.42518
v 2.373558 1.066421 -0.42518
v 2.42242 0.9538755 -0.3543167
v 2.458155 0.8715661 -0.21259
v 2.472012 0.8396502 0
v 2.017784 1.313265 0
v 2.026893 1.273803 -0.234106
v 2.050383 1.172033 -0.3901767
v 2.082502 1.032878 -0.4682121
v 2.117498 0.8812616 -0.4682121
v 2.149617 0.7421067 -0.3901767
v 2.173107 0.6403365 -0.234106
v 2.182216 0.6008747 0
v 1.7 1.275 0
v 1.7 1.2293 -0.242449
v 1.7 1.111443 -0.4040817
v 1.7 0.9502915 -0.4848979
v 1.7 0.7747084 -0.484898
v 1.7 0.6135569 -0.4040816
v 1.7 0.4956998 -0.242449
v 1.7 0.45 0
v 2.590017 2.098345 0.1001797
v 2.652241 2.09013 0.1669662
v 2.737323 2.078897 0.2003594
v 2.830024 2.066658 0.2003594
v 2.915106 2.055424 0.1669662
v 2.97733 2.047209 0.1001797
v 2.503637 1.916814 0.1216957
v 2.553616 1.894386 0.2028262
v 2.621954 1.863719 0.2433915
v 2.696413 1.830305 0.2433915
v 2.764752 1.799638 0.2028262
v 2.814731 1.77721 0.1216957
v 2.439114 1.7245 0.1511156
v 2.483595 1.683735 0.2518593
v 2.544416 1.627996 0.3022312
v 2.610685 1.567266 0.3022312
v 2.671507 1.511527 0.2518593
v 2.715988 1.470763 0.1511156
v 2.361469 1.540497 0.1831701
v 2.402702 1.479148 0.3052835
v 2.459081 1.395262 0.3663402
v 2.52051 1.303864 0.3663402
v 2.57689 1.219978 0.3052835
v 2.618123 1.158628 0.1831701
v 2.235723 1.3839 0.21259
v 2.271457 1.301591 0.3543167
v 2.32032 1.189045 0.42518
v 2.373558 1.066421 0.42518
v 2.42242 0.9538755 0.3543167
v 2.458155 0.8715661 0.21259
v 2.026893 1.273803 0.234106
v 2.050383 1.172033 0.3901767
v 2.082502 1.032878 0.4682121
v 2.117498 0.8812616 0.4682121
v 2.149617 0.7421067 0.3901767
v 2.173107 0.6403365 0.234106
v 1.7 1.2293 0.242449
v 1.7 1.111443 0.4040817
v 1.7 0.9502915 0.4848979
v 1.7 0.7747084 0.484898
v 1.7 0.6135569 0.4040816
v 1.7 0.4956998 0.242449
v 0 3 0
v -0.2524782 2.982944 0
v -0.2459453 2.982944 -0.05870255
v -0.2272669 2.982945 -0.1121608
v -0.1978231 2.982944 -0.1589944
v -0.1589944 2.982944 -0.1978232
v -0.1121607 2.982944 -0.2272669
v -0.05870255 2.982944 -0.2459453
v 0 2.982944 -0.2524782
v -0.3545189 2.937026 0
v -0.3453453 2.937026 -0.08242458
v -0.3191167 2.937026 -0.1574871
v -0.2777717 2.937026 -0.223249
v -0.223249 2.937026 -0.2777718
v -0.1574871 2.937026 -0.3191167
v -0.08242456 2.937026 -0.3453453
v 0 2.937026 -0.3545189
v -0.3516034 2.870116 0
v -0.3425038 2.870116 -0.08173797
v -0.3164875 2.870116 -0.1561798
v -0.2754786 2.870116 -0.2214014
v -0.2214014 2.870116 -0.2754787
v -0.1561798 2.870116 -0.3164875
v -0.08173797 2.870116 -0.3425038
v 0 2.870116 -0.3516034
v -0.2892128 2.790087 0
v -0.2817247 2.790087 -0.06721471
v -0.2603174 2.790088 -0.1284397
v -0.2265768 2.790087 -0.182089
v -0.182089 2.790087 -0.2265769
v -0.1284397 2.790087 -0.2603174
v -0.0672147 2.790087 -0.2817247
v 0 2.790087 -0.2892128
v -0.212828 2.704811 0
v -0.2073116 2.704811 -0.04942668
v -0.1915444 2.704811 -0.09446745
v -0.1666992 2.70481 -0.1339493
v -0.1339493 2.704811 -0.1666993
v -0.09446743 2.704811 -0.1915443
v -0.04942668 2.704811 -0.2073116
v 0 2.704811 -0.212828
v -0.16793 2.622157 0
v -0.1635684 2.622157 -0.03894581
v -0.1511064 2.622158 -0.07446388
v -0.1314787 2.622157 -0.1056197
v -0.1056197 2.622157 -0.1314787
v -0.07446387 2.622157 -0.1511064
v -0.03894581 2.622157 -0.1635684
v 0 2.622157 -0.16793
v -0.2 2.55 0
v -0.1947989 2.55 -0.04634403
v -0.1799417 2.55 -0.08862974
v -0.1565481 2.549999 -0.1257376
v -0.1257376 2.55 -0.1565481
v -0.08862973 2.55 -0.1799417
v -0.04634402 2.55 -0.1947988
v 0 2.55 -0.2
v 0.05870255 2.982944 -0.2459453
v 0.1121608 2.982945 -0.2272669
v 0.1589944 2.982944 -0.1978231
v 0.1978232 2.982944 -0.1589944
v 0.2272669 2.982944 -0.1121607
v 0.2459453 2.982944 -0.05870255
v 0.2524782 2.982944 0
v 0.08242458 2.937026 -0.3453453
v 0.1574871 2.937026 -0.3191167
v 0.223249 2.937026 -0.2777717
v 0.2777718 2.937026 -0.223249
v 0.3191167 2.937026 -0.1574871
v 0.3453453 2.937026 -0.08242456
v 0.3545189 2.937026 0
v 0.08173797 2.870116 -0.3425038
v 0.1561798 2.870116 -0.3164875
v 0.2214014 2.870116 -0.2754786
v 0.2754787 2.870116 -0.2214014
v 0.3164875 2.870116 -0.1561798
v 0.3425038 2.870116 -0.08173797
v 0.3516034 2.870116 0
v 0.06721471 2.790087 -0.2817247
v 0.1284397 2.790088 -0.2603174
v 0.182089 2.790087 -0.2265768
v 0.2265769 2.790087 -0.182089
v 0.2603174 2.790087 -0.1284397
v 0.2817247 2.790087 -0.0672147
v 0.2892128 2.790087 0
v 0.04942668 2.704811 -0.2073116
v 0.09446745 2.704811 -0.1915444
v 0.1339493 2.70481 -0.1666992
v 0.1666993 2.704811 -0.1339493
v 0.1915443 2.704811 -0.09446743
v 0.2073116 2.704811 -0.04942668
v 0.212828 2.704811 0
v 0.03894581 2.622157 -0.1635684
v 0.07446388 2.622158 -0.1511064
v 0.1056197 2.622157 -0.1314787
v 0.1314787 2.622157 -0.1056197
v 0.1511064 2.622157 -0.07446387
v 0.1635684 2.622157 -0.03894581
v 0.16793 2.622157 0
v 0.04634403 2.55 -0.1947989
v 0.08862974 2.55 -0.1799417
v 0.1257376 2.549999 -0.1565481
v 0.1565481 2.55 -0.1257376
v 0.1799417 2.55 -0.08862973
v 0.1947988 2.55 -0.04634402
v 0.2 2.55 0
v 0 2.982944 0.2524782
v 0.05870255 2.982944 0.2459453
v 0.1121608 2.982945 0.2272669
v 0.1589944 2.982944 0.1978231
v 0.1978232 2.982944 0.1589944
v 0.2272669 2.982944 0.1121607
v 0.2459453 2.982944 0.05870255
v 0 2.937026 0.3545189
v 0.08242458 2.937026 0.3453453
v 0.1574871 2.937026 0.3191167
v 0.223249 2.937026 0.2777717
v 0.2777718 2.937026 0.223249
v 0.3191167 2.937026 0.1574871
v 0.3453453 2.937026 0.08242456
v 0 2.870116 0.3516034
v 0.08173797 2.870116 0.3425038
v 0.1561798 2.870116 0.3164875
v 0.2214014 2.870116 0.2754786
v 0.2754787 2.870116 0.2214014
v 0.3164875 2.870116 0.1561798
v 0.3425038 2.870116 0.08173797
v 0 2.790087 0.2892128
v 0.06721471 2.790087 0.2817247
v 0.1284397 2.790088 0.2603174
v 0.182089 2.790087 0.2265768
v 0.2265769 2.790087 0.182089
v 0.2603174 2.790087 0.1284397
v 0.2817247 2.790087 0.0672147
v 0 2.704811 0.212828
v 0.04942668 2.704811 0.2073116
v 0.09446745 2.704811 0.1915444
v 0.1339493 2.70481 0.1666992
v 0.1666993 2.704811 0.1339493
v 0.1915443 2.704811 0.09446743
v 0.2073116 2.704811 0.04942668
v 0 2.622157 0.16793
v 0.03894581 2.622157 0.1635684
v 0.07446388 2.622158 0.1511064
v 0.1056197 2.622157 0.1314787
v 0.1314787 2.622157 0.1056197
v 0.1511064 2.622157 0.07446387
v 0.1635684 2.622157 0.03894581
v 0 2.55 0.2
v 0.04634403 2.55 0.1947989
v 0.08862974 2.55 0.1799417
v 0.1257376 2.549999 0.1565481
v 0.1565481 2.55 0.1257376
v 0.1799417 2.55 0.08862973
v 0.1947988 2.55 0.04634402
v -0.2459453 2.982944 0.05870255
v -0.2272669 2.982945 0.1121608
v -0.1978231 2.982944 0.1589944
v -0.1589944 2.982944 0.1978232
v -0.1121607 2.982944 0.2272669
v -0.05870255 2.982944 0.2459453
v -0.3453453 2.937026 0.08242458
v -0.3191167 2.937026 0.1574871
v -0.2777717 2.937026 0.223249
v -0.223249 2.937026 0.2777718
v -0.1574871 2.937026 0.3191167
v -0.08242456 2.937026 0.3453453
v -0.3425038 2.870116 0.08173797
v -0.3164875 2.870116 0.1561798
v -0.2754786 2.870116 0.2214014
v -0.2214014 2.870116 0.2754787
v -0.1561798 2.870116 0.3164875
v -0.08173797 2.870116 0.3425038
v -0.2817247 2.790087 0.06721471
v -0.2603174 2.790088 0.1284397
v -0.2265768 2.790087 0.182089
v -0.182089 2.790087 0.2265769
v -0.1284397 2.790087 0.2603174
v -0.0672147 2.790087 0.2817247
v -0.2073116 2.704811 0.04942668
v -0.1915444 2.704811 0.09446745
v -0.1666992 2.70481 0.1339493
v -0.1339493 2.704811 0.1666993
v -0.09446743 2.704811 0.1915443
v -0.04942668 2.704811 0.2073116
v -0.1635684 2.622157 0.03894581
v -0.1511064 2.622158 0.07446388
v -0.1314787 2.622157 0.1056197
v -0.1056197 2.622157 0.1314787
v -0.07446387 2.622157 0.1511064
v -0.03894581 2.622157 0.1635684
v -0.1947989 2.55 0.04634403
v -0.1799417 2.55 0.08862974
v -0.1565481 2.549999 0.1257376
v -0.1257376 2.55 0.1565481
v -0.08862973 2.55 0.1799417
v -0.04634402 2.55 0.1947988
v -0.3239067 2.494024 0
v -0.3154833 2.494024 -0.0750557
v -0.2914217 2.494024 -0.1435389
v -0.2535349 2.494023 -0.2036363
v -0.2036363 2.494024 -0.2535349
v -0.1435388 2.494023 -0.2914217
v -0.0750557 2.494024 -0.3154832
v 0 2.494024 -0.3239067
v -0.5055394 2.451166 0
v -0.4923925 2.451167 -0.1171437
v -0.4548381 2.451167 -0.2240291
v -0.3957061 2.451166 -0.3178265
v -0.3178265 2.451166 -0.3957061
v -0.2240291 2.451166 -0.4548381
v -0.1171437 2.451166 -0.4923924
v 0 2.451166 -0.5055394
v -0.7169095 2.416181 0
v -0.6982658 2.416181 -0.1661224
v -0.6450096 2.416181 -0.3176976
v -0.5611541 2.41618 -0.4507124
v -0.4507124 2.416181 -0.5611542
v -0.3176976 2.41618 -0.6450096
v -0.1661224 2.416181 -0.6982658
v 0 2.416181 -0.7169095
v -0.9300292 2.383819 0
v -0.905843 2.38382 -0.2155065
v -0.8367552 2.383819 -0.4121412
v -0.7279714 2.383819 -0.5846982
v -0.5846982 2.383819 -0.7279715
v -0.4121412 2.383819 -0.8367552
v -0.2155065 2.383819 -0.905843
v 0 2.383819 -0.9300292
v -1.11691 2.348834 0
v -1.087863 2.348834 -0.2588104
v -1.004893 2.348834 -0.494957
v -0.8742502 2.348834 -0.7021877
v -0.7021877 2.348834 -0.8742504
v -0.494957 2.348834 -1.004893
v -0.2588104 2.348834 -1.087863
v 0 2.348834 -1.11691
v -1.249563 2.305977 0
v -1.217067 2.305977 -0.2895488
v -1.124242 2.305977 -0.5537421
v -0.9780833 2.305976 -0.785585
v -0.785585 2.305976 -0.9780833
v -0.5537421 2.305977 -1.124242
v -0.2895488 2.305977 -1.217067
v 0 2.305977 -1.249563
v -1.3 2.25 0
v -1.266192 2.25 -0.3012362
v -1.169621 2.25 -0.5760933
v -1.017563 2.25 -0.8172944
v -0.8172944 2.25 -1.017563
v -0.5760933 2.25 -1.169621
v -0.3012362 2.25 -1.266192
v 0 2.25 -1.3
v 0.0750557 2.494024 -0.3154833
v 0.1435389 2.494024 -0.2914217
v 0.2036363 2.494023 -0.2535349
v 0.2535349 2.494024 -0.2036363
v 0.2914217 2.494023 -0.1435388
v 0.3154832 2.494024 -0.0750557
v 0.3239067 2.494024 0
v 0.1171437 2.451167 -0.4923925
v 0.2240291 2.451167 -0.4548381
v 0.3178265 2.451166 -0.3957061
v 0.3957061 2.451166 -0.3178265
v 0.4548381 2.451166 -0.2240291
v 0.4923924 2.451166 -0.1171437
v 0.5055394 2.451166 0
v 0.1661224 2.416181 -0.6982658
v 0.3176976 2.416181 -0.6450096
v 0.4507124 2.41618 -0.5611541
v 0.5611542 2.416181 -0.4507124
v 0.6450096 2.41618 -0.3176976
v 0.6982658 2.416181 -0.1661224
v 0.7169095 2.416181 0
v 0.2155065 2.38382 -0.905843
v 0.4121412 2.383819 -0.8367552
v 0.5846982 2.383819 -0.7279714
v 0.7279715 2.383819 -0.5846982
v 0.8367552 2.383819 -0.4121412
v 0.905843 2.383819 -0.2155065
v 0.9300292 2.383819 0
v 0.2588104 2.348834 -1.087863
v 0.494957 2.348834 -1.004893
v 0.7021877 2.348834 -0.8742502
v 0.8742504 2.348834 -0.7021877
v 1.004893 2.348834 -0.494957
v 1.087863 2.348834 -0.2588104
v 1.11691 2.348834 0
v 0.2895488 2.305977 -1.217067
v 0.5537421 2.305977 -1.124242
v 0.785585 2.305976 -0.9780833
v 0.9780833 2.305976 -0.785585
v 1.124242 2.305977 -0.5537421
v 1.217067 2.305977 -0.2895488
v 1.249563 2.305977 0
v 0.3012362 2.25 -1.266192
v 0.5760933 2.25 -1.169621
v 0.8172944 2.25 -1.017563
v 1.017563 2.25 -0.8172944
v 1.169621 2.25 -0.5760933
v 1.266192 2.25 -0.3012362
v 1.3 2.25 0
v 0 2.494024 0.3239067
v 0.0750557 2.494024 0.3154833
v 0.1435389 2.494024 0.2914217
v 0.2036363 2.494023 0.2535349
v 0.2535349 2.494024 0.2036363
v 0.2914217 2.494023 0.1435388
v 0.3154832 2.494024 0.0750557
v 0 2.451166 0.5055394
v 0.1171437 2.451167 0.4923925
v 0.2240291 2.451167 0.4548381
v 0.3178265 2.451166 0.3957061
v 0.3957061 2.451166 0.3178265
v 0.4548381 2.451166 0.2240291
v 0.4923924 2.451166 0.1171437
v 0 2.416181 0.7169095
v 0.1661224 2.416181 0.6982658
v 0.3176976 2.416181 0.6450096
v 0.4507124 2.41618 0.5611541
v 0.5611542 2.416181 0.4507124
v 0.6450096 2.41618 0.3176976
v 0.6982658 2.416181 0.1661224
v 0 2.383819 0.9300292
v 0.2155065 2.38382 0.905843
v 0.4121412 2.383819 0.8367552
v 0.5846982 2.383819 0.7279714
v 0.7279715 2.383819 0.5846982
v 0.8367552 2.383819 0.4121412
v 0.905843 2.383819 0.2155065
v 0 2.348834 1.11691
v 0.2588104 2.348834 1.087863
v 0.494957 2.348834 1.004893
v 0.7021877 2.348834 0.8742502
v 0.8742504 2.348834 0.7021877
v 1.004893 2.348834 0.494957
v 1.087863 2.348834 0.2588104
v 0 2.305977 1.249563
v 0.2895488 2.305977 1.217067
v 0.5537421 2.305977 1.124242
v 0.785585 2.305976 0.9780833
v 0.9780833 2.305976 0.785585
v 1.124242 2.305977 0.5537421
v 1.217067 2.305977 0.2895488
v 0 2.25 1.3
v 0.3012362 2.25 1.266192
v 0.5760933 2.25 1.169621
v 0.8172944 2.25 1.017563
v 1.017563 2.25 0.8172944
v 1.169621 2.25 0.5760933
v 1.266192 2.25 0.3012362
v -0.3154833 2.494024 0.0750557
v -0.2914217 2.494024 0.1435389
v -0.2535349 2.494023 0.2036363
v -0.2036363 2.494024 0.2535349
v -0.1435388 2.494023 0.2914217
v -0.0750557 2.494024 0.3154832
v -0.4923925 2.451167 0.1171437
v -0.4548381 2.451167 0.2240291
v -0.3957061 2.451166 0.3178265
v -0.3178265 2.451166 0.3957061
v -0.2240291 2.451166 0.4548381
v -0.1171437 2.451166 0.4923924
v -0.6982658 2.416181 0.1661224
v -0.6450096 2.416181 0.3176976
v -0.5611541 2.41618 0.4507124
v -0.4507124 2.416181 0.5611542
v -0.3176976 2.41618 0.6450096
v -0.1661224 2.416181 0.6982658
v -0.905843 2.38382 0.2155065
v -0.8367552 2.383819 0.4121412
v -0.7279714 2.383819 0.5846982
v -0.5846982 2.383819 0.7279715
v -0.4121412 2.383819 0.8367552
v -0.2155065 2.383819 0.905843
v -1.087863 2.348834 0.2588104
v -1.004893 2.348834 0.494957
v -0.8742502 2.348834 0.7021877
v -0.7021877 2.348834 0.8742504
v -0.494957 2.348834 1.004893
v -0.2588104 2.348834 1.087863
v -1.217067 2.305977 0.2895488
v -1.124242 2.305977 0.5537421
v -0.9780833 2.305976 0.785585
v -0.785585 2.305976 0.9780833
v -0.5537421 2.305977 1.124242
v -0.2895488 2.305977 1.217067
v -1.266192 2.25 0.3012362
v -1.169621 2.25 0.5760933
v -1.017563 2.25 0.8172944
v -0.8172944 2.25 1.017563
v -0.5760933 2.25 1.169621
v -0.3012362 2.25 1.266192
v -1.4 2.25 0
v -1.363592 2.25 -0.3244082
v -1.259592 2.25 -0.6204082
v -1.095837 2.25 -0.8801632
v -0.8801632 2.25 -1.095837
v -0.6204081 2.25 -1.259592
v -0.3244081 2.25 -1.363592
v 0 2.25 -1.4
v -1.38258 2.298214 0
v -1.346625 2.298215 -0.3203717
v -1.243919 2.298215 -0.6126887
v -1.082201 2.298214 -0.8692116
v -0.8692116 2.298214 -1.082202
v -0.6126887 2.298214 -1.243919
v -0.3203716 2.298215 -1.346625
v 0 2.298214 -1.38258
v -1.38156 2.330357 0
v -1.345631 2.330358 -0.3201353
v -1.243001 2.330357 -0.6122365
v -1.081403 2.330357 -0.8685701
v -0.8685701 2.330357 -1.081403
v -0.6122364 2.330357 -1.243001
v -0.3201352 2.330357 -1.345631
v 0 2.330357 -1.38156
v -1.39344 2.346428 0
v -1.357203 2.346429 -0.3228881
v -1.25369 2.346429 -0.6175012
v -1.090702 2.346428 -0.876039
v -0.876039 2.346428 -1.090702
v -0.6175011 2.346428 -1.25369
v -0.3228881 2.346428 -1.357203
v 0 2.346428 -1.39344
v -1.414723 2.346428 0
v -1.377932 2.346429 -0.3278198
v -1.272838 2.346429 -0.6269327
v -1.107361 2.346428 -0.8894194
v -0.8894194 2.346428 -1.107361
v -0.6269326 2.346428 -1.272838
v -0.3278198 2.346429 -1.377932
v 0 2.346428 -1.414723
v -1.44191 2.330357 0
v -1.404412 2.330357 -0.3341195
v -1.297298 2.330357 -0.6389804
v -1.128641 2.330357 -0.9065113
v -0.9065113 2.330357 -1.128641
v -0.6389803 2.330357 -1.297298
v -0.3341194 2.330357 -1.404412
v 0 2.330357 -1.44191
v -1.471501 2.298214 0
v -1.433234 2.298215 -0.3409765
v -1.323922 2.298214 -0.652094
v -1.151804 2.298214 -0.9251153
v -0.9251153 2.298214 -1.151804
v -0.6520939 2.298214 -1.323922
v -0.3409765 2.298214 -1.433234
v 0 2.298214 -1.471501
v -1.5 2.25 0
v -1.460991 2.25 -0.3475802
v -1.349563 2.25 -0.6647232
v -1.174111 2.25 -0.943032
v -0.943032 2.25 -1.174111
v -0.664723 2.25 -1.349563
v -0.3475801 2.25 -1.460991
v 0 2.25 -1.5
v 0.3244082 2.25 -1.363592
v 0.6204082 2.25 -1.259592
v 0.8801632 2.25 -1.095837
v 1.095837 2.25 -0.8801632
v 1.259592 2.25 -0.6204081
v 1.363592 2.25 -0.3244081
v 1.4 2.25 0
v 0.3203717 2.298215 -1.346625
v 0.6126887 2.298215 -1.243919
v 0.8692116 2.298214 -1.082201
v 1.082202 2.298214 -0.8692116
v 1.243919 2.298214 -0.6126887
v 1.346625 2.298215 -0.3203716
v 1.38258 2.298214 0
v 0.3201353 2.330358 -1.345631
v 0.6122365 2.330357 -1.243001
v 0.8685701 2.330357 -1.081403
v 1.081403 2.330357 -0.8685701
v 1.243001 2.330357 -0.6122364
v 1.345631 2.330357 -0.3201352
v 1.38156 2.330357 0
v 0.3228881 2.346429 -1.357203
v 0.6175012 2.346429 -1.25369
v 0.876039 2.346428 -1.090702
v 1.090702 2.346428 -0.876039
v 1.25369 2.346428 -0.6175011
v 1.357203 2.346428 -0.3228881
v 1.39344 2.346428 0
v 0.3278198 2.346429 -1.377932
v 0.6269327 2.346429 -1.272838
v 0.8894194 2.346428 -1.107361
v 1.107361 2.346428 -0.8894194
v 1.272838 2.346428 -0.6269326
v 1.377932 2.346429 -0.3278198
v 1.414723 2.346428 0
v 0.3341195 2.330357 -1.404412
v 0.6389804 2.330357 -1.297298
v 0.9065113 2.330357 -1.128641
v 1.128641 2.330357 -0.9065113
v 1.297298 2.330357 -0.6389803
v 1.404412 2.330357 -0.3341194
v 1.44191 2.330357 0
v 0.3409765 2.298215 -1.433234
v 0.652094 2.298214 -1.323922
v 0.9251153 2.298214 -1.151804
v 1.151804 2.298214 -0.9251153
v 1.323922 2.298214 -0.6520939
v 1.433234 2.298214 -0.3409765
v 1.471501 2.298214 0
v 0.3475802 2.25 -1.460991
v 0.6647232 2.25 -1.349563
v 0.943032 2.25 -1.174111
v 1.174111 2.25 -0.943032
v 1.349563 2.25 -0.664723
v 1.460991 2.25 -0.3475801
v 1.5 2.25 0
v 0 2.25 1.4
v 0.3244082 2.25 1.363592
v 0.6204082 2.25 1.259592
v 0.8801632 2.25 1.095837
v 1.095837 2.25 0.8801632
v 1.259592 2.25 0.6204081
v 1.363592 2.25 0.3244081
v 0 2.298214 1.38258
v 0.3203717 2.298215 1.346625
v 0.6126887 2.298215 1.243919
v 0.8692116 2.298214 1.082201
v 1.082202 2.298214 0.8692116
v 1.243919 2.298214 0.6126887
v 1.346625 2.298215 0.3203716
v 0 2.330357 1.38156
v 0.3201353 2.330358 1.345631
v 0.6122365 2.330357 1.243001
v 0.8685701 2.330357 1.081403
v 1.081403 2.330357 0.8685701
v 1.243001 2.330357 0.6122364
v 1.345631 2.330357 0.3201352
v 0 2.346428 1.39344
v 0.3228881 2.346429 1.357203
v 0.6175012 2.346429 1.25369
v 0.876039 2.346428 1.090702
v 1.090702 2.346428 0.876039
v 1.25369 2.346428 0.6175011
v 1.357203 2.346428 0.3228881
v 0 2.346428 1.414723
v 0.3278198 2.346429 1.377932
v 0.6269327 2.346429 1.272838
v 0.8894194 2.346428 1.107361
v 1.107361 2.346428 0.8894194
v 1.272838 2.346428 0.6269326
v 1.377932 2.346429 0.3278198
v 0 2.330357 1.44191
v 0.3341195 2.330357 1.404412
v 0.6389804 2.330357 1.297298
v 0.9065113 2.330357 1.128641
v 1.128641 2.330357 0.9065113
v 1.297298 2.330357 0.6389803
v 1.404412 2.330357 0.3341194
v 0 2.298214 1.471501
v 0.3409765 2.298215 1.433234
v 0.652094 2.298214 1.323922
v 0.9251153 2.298214 1.151804
v 1.151804 2.298214 0.9251153
v 1.323922 2.298214 0.6520939
v 1.433234 2.298214 0.3409765
v 0 2.25 1.5
v 0.3475802 2.25 1.460991
v 0.6647232 2.25 1.349563
v 0.943032 2.25 1.174111
v 1.174111 2.25 0.943032
v 1.349563 2.25 0.664723
v 1.460991 2.25 0.3475801
v -1.363592 2.25 0.3244082
v -1.259592 2.25 0.6204082
v -1.095837 2.25 0.8801632
v -0.8801632 2.25 1.095837
v -0.6204081 2.25 1.259592
v -0.3244081 2.25 1.363592
v -1.346625 2.298215 0.3203717
v -1.243919 2.298215 0.6126887
v -1.082201 2.298214 0.8692116
v -0.8692116 2.298214 1.082202
v -0.6126887 2.298214 1.243919
v -0.3203716 2.298215 1.346625
v -1.345631 2.330358 0.3201353
v -1.243001 2.330357 0.6122365
v -1.081403 2.330357 0.8685701
v -0.8685701 2.330357 1.081403
v -0.6122364 2.330357 1.243001
v -0.3201352 2.330357 1.345631
v -1.357203 2.346429 0.3228881
v -1.25369 2.346429 0.6175012
v -1.090702 2.346428 0.876039
v -0.876039 2.346428 1.090702
v -0.6175011 2.346428 1.25369
v -0.3228881 2.346428 1.357203
v -1.377932 2.346429 0.3278198
v -1.272838 2.346429 0.6269327
v -1.107361 2.346428 0.8894194
v -0.8894194 2.346428 1.107361
v -0.6269326 2.346428 1.272838
v -0.3278198 2.346429 1.377932
v -1.404412 2.330357 0.3341195
v -1.297298 2.330357 0.6389804
v -1.128641 2.330357 0.9065113
v -0.9065113 2.330357 1.128641
v -0.6389803 2.330357 1.297298
v -0.3341194 2.330357 1.404412
v -1.433234 2.298215 0.3409765
v -1.323922 2.298214 0.652094
v -1.151804 2.298214 0.9251153
v -0.9251153 2.298214 1.151804
v -0.6520939 2.298214 1.323922
v -0.3409765 2.298214 1.433234
v -1.460991 2.25 0.3475802
v -1.349563 2.25 0.6647232
v -1.174111 2.25 0.943032
v -0.943032 2.25 1.174111
v -0.664723 2.25 1.349563
v -0.3475801 2.25 1.460991
v -1.606414 2.025219 0
v -1.564638 2.025219 -0.3722385
v -1.445304 2.025219 -0.7118804
v -1.257405 2.025219 -1.009933
v -1.009933 2.025219 -1.257405
v -0.7118803 2.025219 -1.445304
v -0.3722385 2.025219 -1.564638
v 0 2.025219 -1.606414
v -1.708455 1.80175 0
v -1.664025 1.80175 -0.3958834
v -1.537111 1.80175 -0.7570996
v -1.337277 1.801749 -1.074085
v -1.074085 1.801749 -1.337277
v -0.7570996 1.80175 -1.537111
v -0.3958834 1.80175 -1.664025
v 0 1.80175 -1.708455
v -1.801749 1.580904 0
v -1.754893 1.580904 -0.4175016
v -1.621049 1.580904 -0.7984428
v -1.410302 1.580904 -1.132738
v -1.132738 1.580904 -1.410302
v -0.7984427 1.580904 -1.621049
v -0.4175015 1.580904 -1.754893
v 0 1.580904 -1.801749
v -1.881924 1.363994 0
v -1.832983 1.363994 -0.4360798
v -1.693183 1.363994 -0.8339723
v -1.473058 1.363994 -1.183143
v -1.183143 1.363994 -1.473058
v -0.8339722 1.363994 -1.693183
v -0.4360797 1.363994 -1.832983
v 0 1.363994 -1.881924
v -1.944606 1.152332 0
v -1.894035 1.152332 -0.4506045
v -1.749579 1.152332 -0.8617498
v -1.522122 1.152332 -1.222551
v -1.222551 1.152332 -1.522122
v -0.8617498 1.152332 -1.749579
v -0.4506044 1.152332 -1.894035
v 0 1.152332 -1.944606
v -1.985423 0.9472302 0
v -1.93379 0.9472303 -0.4600624
v -1.786302 0.9472303 -0.8798375
v -1.554071 0.9472302 -1.248211
v -1.248211 0.9472303 -1.554071
v -0.8798375 0.9472302 -1.786302
v -0.4600624 0.9472302 -1.93379
v 0 0.9472302 -1.985423
v -2 0.75 0
v -1.947988 0.75 -0.4634403
v -1.799417 0.7500001 -0.8862974
v -1.565481 0.7499999 -1.257376
v -1.257376 0.75 -1.565481
v -0.8862973 0.75 -1.799417
v -0.4634402 0.75 -1.947988
v 0 0.75 -2
v 0.3722385 2.025219 -1.564638
v 0.7118804 2.025219 -1.445304
v 1.009933 2.025219 -1.257405
v 1.257405 2.025219 -1.009933
v 1.445304 2.025219 -0.7118803
v 1.564638 2.025219 -0.3722385
v 1.606414 2.025219 0
v 0.3958834 1.80175 -1.664025
v 0.7570996 1.80175 -1.537111
v 1.074085 1.801749 -1.337277
v 1.337277 1.801749 -1.074085
v 1.537111 1.80175 -0.7570996
v 1.664025 1.80175 -0.3958834
v 1.708455 1.80175 0
v 0.4175016 1.580904 -1.754893
v 0.7984428 1.580904 -1.621049
v 1.132738 1.580904 -1.410302
v 1.410302 1.580904 -1.132738
v 1.621049 1.580904 -0.7984427
v 1.754893 1.580904 -0.4175015
v 1.801749 1.580904 0
v 0.4360798 1.363994 -1.832983
v 0.8339723 1.363994 -1.693183
v 1.183143 1.363994 -1.473058
v 1.473058 1.363994 -1.183143
v 1.693183 1.363994 -0.8339722
v 1.832983 1.363994 -0.4360797
v 1.881924 1.363994 0
v 0.4506045 1.152332 -1.894035
v 0.8617498 1.152332 -1.749579
v 1.222551 1.152332 -1.522122
v 1.522122 1.152332 -1.222551
v 1.749579 1.152332 -0.8617498
v 1.894035 1.152332 -0.4506044
v 1.944606 1.152332 0
v 0.4600624 0.9472303 -1.93379
v 0.8798375 0.9472303 -1.786302
v 1.248211 0.9472302 -1.554071
v 1.554071 0.9472303 -1.248211
v 1.786302 0.9472302 -0.8798375
v 1.93379 0.9472302 -0.4600624
v 1.985423 0.9472302 0
v 0.4634403 0.75 -1.947988
v 0.8862974 0.7500001 -1.799417
v 1.257376 0.7499999 -1.565481
v 1.565481 0.75 -1.257376
v 1.799417 0.75 -0.8862973
v 1.947988 0.75 -0.4634402
v 2 0.75 0
v 0 2.025219 1.606414
v 0.3722385 2.025219 1.564638
v 0.7118804 2.025219 1.445304
v 1.009933 2.025219 1.257405
v 1.257405 2.025219 1.009933
v 1.445304 2.025219 0.7118803
v 1.564638 2.025219 0.3722385
v 0 1.80175 1.708455
v 0.3958834 1.80175 1.664025
v 0.7570996 1.80175 1.537111
v 1.074085 1.801749 1.337277
v 1.337277 1.801749 1.074085
v 1.537111 1.80175 0.7570996
v 1.664025 1.80175 0.3958834
v 0 1.580904 1.801749
v 0.4175016 1.580904 1.754893
v 0.7984428 1.580904 1.621049
v 1.132738 1.580904 1.410302
v 1.410302 1.580904 1.132738
v 1.621049 1.580904 0.7984427
v 1.754893 1.580904 0.4175015
v 0 1.363994 1.881924
v 0.4360798 1.363994 1.832983
v 0.8339723 1.363994 1.693183
v 1.183143 1.363994 1.473058
v 1.473058 1.363994 1.183143
v 1.693183 1.363994 0.8339722
v 1.832983 1.363994 0.4360797
v 0 1.152332 1.944606
v 0.4506045 1.152332 1.894035
v 0.8617498 1.152332 1.749579
v 1.222551 1.152332 1.522122
v 1.522122 1.152332 1.222551
v 1.749579 1.152332 0.8617498
v 1.894035 1.152332 0.4506044
v 0 0.9472302 1.985423
v 0.4600624 0.9472303 1.93379
v 0.8798375 0.9472303 1.786302
v 1.248211 0.9472302 1.554071
v 1.554071 0.9472303 1.248211
v 1.786302 0.9472302 0.8798375
v 1.93379 0.9472302 0.4600624
v 0 0.75 2
v 0.4634403 0.75 1.947988
v 0.8862974 0.7500001 1.799417
v 1.257376 0.7499999 1.565481
v 1.565481 0.75 1.257376
v 1.799417 0.75 0.8862973
v 1.947988 0.75 0.4634402
v -1.564638 2.025219 0.3722385
v -1.445304 2.025219 0.7118804
v -1.257405 2.025219 1.009933
v -1.009933 2.025219 1.257405
v -0.7118803 2.025219 1.445304
v -0.3722385 2.025219 1.564638
v -1.664025 1.80175 0.3958834
v -1.537111 1.80175 0.7570996
v -1.337277 1.801749 1.074085
v -1.074085 1.801749 1.337277
v -0.7570996 1.80175 1.537111
v -0.3958834 1.80175 1.664025
v -1.754893 1.580904 0.4175016
v -1.621049 1.580904 0.7984428
v -1.410302 1.580904 1.132738
v -1.132738 1.580904 1.410302
v -0.7984427 1.580904 1.621049
v -0.4175015 1.580904 1.754893
v -1.832983 1.363994 0.4360798
v -1.693183 1.363994 0.8339723
v -1.473058 1.363994 1.183143
v -1.183143 1.363994 1.473058
v -0.8339722 1.363994 1.693183
v -0.4360797 1.363994 1.832983
v -1.894035 1.152332 0.4506045
v -1.749579 1.152332 0.8617498
v -1.522122 1.152332 1.222551
v -1.222551 1.152332 1.522122
v -0.8617498 1.152332 1.749579
v -0.4506044 1.152332 1.894035
v -1.93379 0.9472303 0.4600624
v -1.786302 0.9472303 0.8798375
v -1.554071 0.9472302 1.248211
v -1.248211 0.9472303 1.554071
v -0.8798375 0.9472302 1.786302
v -0.4600624 0.9472302 1.93379
v -1.947988 0.75 0.4634403
v -1.799417 0.7500001 0.8862974
v -1.565481 0.7499999 1.257376
v -1.257376 0.75 1.565481
v -0.8862973 0.75 1.799417
v -0.4634402 0.75 1.947988
v -1.972303 0.5706998 0
v -1.921012 0.5706998 -0.4570224
v -1.774498 0.5706999 -0.8740236
v -1.543802 0.5706997 -1.239963
v -1.239963 0.5706998 -1.543802
v -0.8740236 0.5706998 -1.774498
v -0.4570223 0.5706998 -1.921012
v 0 0.5706998 -1.972303
v -1.900875 0.4176386 0
v -1.851441 0.4176386 -0.440471
v -1.710233 0.4176386 -0.8423702
v -1.487891 0.4176385 -1.195057
v -1.195057 0.4176386 -1.487892
v -0.8423702 0.4176386 -1.710233
v -0.4404709 0.4176386 -1.851441
v 0 0.4176386 -1.900875
v -1.803207 0.2895043 0
v -1.756313 0.2895043 -0.4178393
v -1.62236 0.2895044 -0.7990888
v -1.411443 0.2895043 -1.133654
v -1.133654 0.2895043 -1.411443
v -0.7990887 0.2895043 -1.62236
v -0.4178392 0.2895043 -1.756313
v 0 0.2895043 -1.803207
v -1.696793 0.1849854 0
v -1.652666 0.1849854 -0.3931811
v -1.526619 0.1849854 -0.7519317
v -1.328148 0.1849854 -1.066753
v -1.066753 0.1849854 -1.328148
v -0.7519315 0.1849854 -1.526619
v -0.393181 0.1849854 -1.652666
v 0 0.1849854 -1.696793
v -1.599125 0.1027697 0
v -1.557539 0.1027697 -0.3705496
v -1.438746 0.1027697 -0.7086504
v -1.2517 0.1027696 -1.005351
v -1.005351 0.1027697 -1.2517
v -0.7086502 0.1027697 -1.438746
v -0.3705495 0.1027697 -1.557539
v 0 0.1027697 -1.599125
v -1.527697 0.04154519 0
v -1.487968 0.04154522 -0.3539981
v -1.374482 0.04154522 -0.6769969
v -1.19579 0.04154517 -0.9604447
v -0.9604447 0.04154517 -1.19579
v -0.6769968 0.04154519 -1.374482
v -0.3539981 0.04154522 -1.487968
v 0 0.04154519 -1.527697
v -1.5 0 0
v -1.460991 2.235174e-8 -0.3475802
v -1.349563 0 -0.6647232
v -1.174111 -1.117587e-8 -0.943032
v -0.943032 -1.117587e-8 -1.174111
v -0.664723 0 -1.349563
v -0.3475801 1.117587e-8 -1.460991
v 0 0 -1.5
v 0.4570224 0.5706998 -1.921012
v 0.8740236 0.5706999 -1.774498
v 1.239963 0.5706997 -1.543802
v 1.543802 0.5706998 -1.239963
v 1.774498 0.5706998 -0.8740236
v 1.921012 0.5706998 -0.4570223
v 1.972303 0.5706998 0
v 0.440471 0.4176386 -1.851441
v 0.8423702 0.4176386 -1.710233
v 1.195057 0.4176385 -1.487891
v 1.487892 0.4176386 -1.195057
v 1.710233 0.4176386 -0.8423702
v 1.851441 0.4176386 -0.4404709
v 1.900875 0.4176386 0
v 0.4178393 0.2895043 -1.756313
v 0.7990888 0.2895044 -1.62236
v 1.133654 0.2895043 -1.411443
v 1.411443 0.2895043 -1.133654
v 1.62236 0.2895043 -0.7990887
v 1.756313 0.2895043 -0.4178392
v 1.803207 0.2895043 0
v 0.3931811 0.1849854 -1.652666
v 0.7519317 0.1849854 -1.526619
v 1.066753 0.1849854 -1.328148
v 1.328148 0.1849854 -1.066753
v 1.526619 0.1849854 -0.7519315
v 1.652666 0.1849854 -0.393181
v 1.696793 0.1849854 0
v 0.3705496 0.1027697 -1.557539
v 0.7086504 0.1027697 -1.438746
v 1.005351 0.1027696 -1.2517
v 1.2517 0.1027697 -1.005351
v 1.438746 0.1027697 -0.7086502
v 1.557539 0.1027697 -0.3705495
v 1.599125 0.1027697 0
v 0.3539981 0.04154522 -1.487968
v 0.6769969 0.04154522 -1.374482
v 0.9604447 0.04154517 -1.19579
v 1.19579 0.04154517 -0.9604447
v 1.374482 0.04154519 -0.6769968
v 1.487968 0.04154522 -0.3539981
v 1.527697 0.04154519 0
v 0.3475802 2.235174e-8 -1.460991
v 0.6647232 0 -1.349563
v 0.943032 -1.117587e-8 -1.174111
v 1.174111 -1.117587e-8 -0.943032
v 1.349563 0 -0.664723
v 1.460991 1.117587e-8 -0.3475801
v 1.5 0 0
v 0 0.5706998 1.972303
v 0.4570224 0.5706998 1.921012
v 0.8740236 0.5706999 1.774498
v 1.239963 0.5706997 1.543802
v 1.543802 0.5706998 1.239963
v 1.774498 0.5706998 0.8740236
v 1.921012 0.5706998 0.4570223
v 0 0.4176386 1.900875
v 0.440471 0.4176386 1.851441
v 0.8423702 0.4176386 1.710233
v 1.195057 0.4176385 1.487891
v 1.487892 0.4176386 1.195057
v 1.710233 0.4176386 0.8423702
v 1.851441 0.4176386 0.4404709
v 0 0.2895043 1.803207
v 0.4178393 0.2895043 1.756313
v 0.7990888 0.2895044 1.62236
v 1.133654 0.2895043 1.411443
v 1.411443 0.2895043 1.133654
v 1.62236 0.2895043 0.7990887
v 1.756313 0.2895043 0.4178392
v 0 0.1849854 1.696793
v 0.3931811 0.1849854 1.652666
v 0.7519317 0.1849854 1.526619
v 1.066753 0.1849854 1.328148
v 1.328148 0.1849854 1.066753
v 1.526619 0.1849854 0.7519315
v 1.652666 0.1849854 0.393181
v 0 0.1027697 1.599125
v 0.3705496 0.1027697 1.557539
v 0.7086504 0.1027697 1.438746
v 1.005351 0.1027696 1.2517
v 1.2517 0.1027697 1.005351
v 1.438746 0.1027697 0.7086502
v 1.557539 0.1027697 0.3705495
v 0 0.04154519 1.527697
v 0.3539981 0.04154522 1.487968
v 0.6769969 0.04154522 1.374482
v 0.9604447 0.04154517 1.19579
v 1.19579 0.04154517 0.9604447
v 1.374482 0.04154519 0.6769968
v 1.487968 0.04154522 0.3539981
v 0 0 1.5
v 0.3475802 2.235174e-8 1.460991
v 0.6647232 0 1.349563
v 0.943032 -1.117587e-8 1.174111
v 1.174111 -1.117587e-8 0.943032
v 1.349563 0 0.664723
v 1.460991 1.117587e-8 0.3475801
v -1.921012 0.5706998 0.4570224
v -1.774498 0.5706999 0.8740236
v -1.543802 0.5706997 1.239963
v -1.239963 0.5706998 1.543802
v -0.8740236 0.5706998 1.774498
v -0.4570223 0.5706998 1.921012
v -1.851441 0.4176386 0.440471
v -1.710233 0.4176386 0.8423702
v -1.487891 0.4176385 1.195057
v -1.195057 0.4176386 1.487892
v -0.8423702 0.4176386 1.710233
v -0.4404709 0.4176386 1.851441
v -1.756313 0.2895043 0.4178393
v -1.62236 0.2895044 0.7990888
v -1.411443 0.2895043 1.133654
v -1.133654 0.2895043 1.411443
v -0.7990887 0.2895043 1.62236
v -0.4178392 0.2895043 1.756313
v -1.652666 0.1849854 0.3931811
v -1.526619 0.1849854 0.7519317
v -1.328148 0.1849854 1.066753
v -1.066753 0.1849854 1.328148
v -0.7519315 0.1849854 1.526619
v -0.393181 0.1849854 1.652666
v -1.557539 0.1027697 0.3705496
v -1.438746 0.1027697 0.7086504
v -1.2517 0.1027696 1.005351
v -1.005351 0.1027697 1.2517
v -0.7086502 0.1027697 1.438746
v -0.3705495 0.1027697 1.557539
v -1.487968 0.04154522 0.3539981
v -1.374482 0.04154522 0.6769969
v -1.19579 0.04154517 0.9604447
v -0.9604447 0.04154517 1.19579
v -0.6769968 0.04154519 1.374482
v -0.3539981 0.04154522 1.487968
v -1.460991 2.235174e-8 0.3475802
v -1.349563 0 0.6647232
v -1.174111 -1.117587e-8 0.943032
v -0.943032 -1.117587e-8 1.174111
v -0.664723 0 1.349563
v -0.3475801 1.117587e-8 1.460991

vn 0 1 0
vn 0 0.945946 -0.3243243
vn 0 0.7241381 -0.6896551
vn 0 0.28 -0.96
vn 0 -0.2800002 -0.96
vn 0 -0.7241381 -0.6896551
vn 0 -0.945946 -0.3243243
vn 0 -1 0
vn -0.01428426 0.999898 0
vn -0.01335233 0.9460738 -0.3236761
vn -0.009888628 0.7248468 -0.6888392
vn -0.003627222 0.2805668 -0.9598276
vn 0.003378267 -0.2805799 -0.9598247
vn 0.008047995 -0.7249072 -0.6887995
vn 0.00976898 -0.9461338 -0.3236285
vn 0.009999501 -0.9999501 0
vn -0.06841078 0.9976572 0
vn -0.06388941 0.9438537 -0.3241273
vn -0.04720813 0.723082 -0.6891472
vn -0.01727327 0.2801161 -0.9598107
vn 0.01604569 -0.2805478 -0.9597059
vn 0.03806895 -0.7249852 -0.6877115
vn 0.04600834 -0.9454801 -0.3224138
vn 0.0470068 -0.9988946 0
vn -0.1893676 0.9819062 0
vn -0.1764119 0.9273847 -0.3299038
vn -0.1293954 0.7067971 -0.6954817
vn -0.04704773 0.2729826 -0.9608678
vn 0.04378423 -0.2750135 -0.9604429
vn 0.1043156 -0.7166821 -0.6895542
vn 0.126094 -0.9380547 -0.3227285
vn 0.1287277 -0.99168 0
vn -0.4157598 0.9094744 0
vn -0.3858078 0.8563184 -0.3433236
vn -0.2794133 0.6458043 -0.7105384
vn -0.1006013 0.2477947 -0.9635752
vn 0.09462175 -0.2533062 -0.9627475
vn 0.2304668 -0.677627 -0.6983599
vn 0.2822347 -0.9015726 -0.3278877
vn 0.2890046 -0.9573277 0
vn -0.7310553 0.6823183 0
vn -0.6792604 0.6437801 -0.3523529
vn -0.4922333 0.4868596 -0.7215775
vn -0.1779945 0.1882241 -0.965862
vn 0.1712496 -0.1975891 -0.9652109
vn 0.4343768 -0.5526768 -0.711242
vn 0.5504197 -0.76333 -0.3381794
vn 0.5703957 -0.8213701 0
vn -0.9512926 0.3082893 0
vn -0.8941218 0.2944784 -0.3373851
vn -0.6698791 0.2307401 -0.705706
vn -0.2518842 0.09305765 -0.9632729
vn 0.2489701 -0.1007474 -0.9632569
vn 0.6470131 -0.2898499 -0.7052383
vn 0.8457296 -0.4142554 -0.3363535
vn 0.8911024 -0.4538023 0
vn -1 0 0
vn -0.945946 0 -0.3243243
vn -0.724138 0 -0.6896551
vn -0.2800001 0 -0.96
vn 0.2800002 0 -0.96
vn 0.7241381 0 -0.6896551
vn 0.945946 0 -0.3243243
vn 1 0 0
vn 0 0.945946 0.3243243
vn 0 0.7241381 0.6896551
vn 0 0.28 0.96
vn 0 -0.2800002 0.96
vn 0 -0.7241381 0.6896551
vn 0 -0.945946 0.3243243
vn -0.01335233 0.9460738 0.3236761
vn -0.009888628 0.7248468 0.6888392
vn -0.003627222 0.2805668 0.9598276
vn 0.003378267 -0.2805799 0.9598247
vn 0.008047995 -0.7249072 0.6887995
vn 0.00976898 -0.9461338 0.3236285
vn -0.06388941 0.9438537 0.3241273
vn -0.04720813 0.723082 0.6891472
vn -0.01727327 0.2801161 0.9598107
vn 0.01604569 -0.2805478 0.9597059
vn 0.03806895 -0.7249852 0.6877115
vn 0.04600834 -0.9454801 0.3224138
vn -0.1764119 0.9273847 0.3299038
vn -0.1293954 0.7067971 0.6954817
vn -0.04704773 0.2729826 0.9608678
vn 0.04378423 -0.2750135 0.9604429
vn 0.1043156 -0.7166821 0.6895542
vn 0.126094 -0.9380547 0.3227285
vn -0.3858078 0.8563184 0.3433236
vn -0.2794133 0.6458043 0.7105384
vn -0.1006013 0.2477947 0.9635752
vn 0.09462175 -0.2533062 0.9627475
vn 0.2304668 -0.677627 0.6983599
vn 0.2822347 -0.9015726 0.3278877
vn -0.6792604 0.6437801 0.3523529
vn -0.4922333 0.4868596 0.7215775
vn -0.1779945 0.1882241 0.965862
vn 0.1712496 -0.1975891 0.9652109
vn 0.4343768 -0.5526768 0.711242
vn 0.5504197 -0.76333 0.3381794
vn -0.8941218 0.2944784 0.3373851
vn -0.6698791 0.2307401 0.705706
vn -0.2518842 0.09305765 0.9632729
vn 0.2489701 -0.1007474 0.9632569
vn 0.6470131 -0.2898499 0.7052383
vn 0.8457296 -0.4142554 0.3363535
vn -0.945946 0 0.3243243
vn -0.724138 0 0.6896551
vn -0.2800001 0 0.96
vn 0.2800002 0 0.96
vn 0.7241381 0 0.6896551
vn 0.945946 0 0.3243243
vn -0.9854005 -0.1702524 0
vn -0.9305067 -0.1602875 -0.3293405
vn -0.7080269 -0.1209476 -0.6957511
vn -0.2719318 -0.0458429 -0.961224
vn 0.2721984 0.04509771 -0.9611837
vn 0.7095317 0.115272 -0.6951815
vn 0.932642 0.1489176 -0.3286373
vn 0.9876753 0.1565168 0
vn -0.9409738 -0.3384797 0
vn -0.8874669 -0.3166388 -0.3348766
vn -0.6725764 -0.2346281 -0.701848
vn -0.2578678 -0.08688891 -0.9622653
vn 0.2599288 0.08379807 -0.9619848
vn 0.6846773 0.2103809 -0.6978229
vn 0.9054589 0.2670698 -0.3298756
vn 0.9604663 0.278396 0
vn -0.8709251 -0.4914158 0
vn -0.8236659 -0.4595015 -0.3323145
vn -0.6299419 -0.3406837 -0.6979311
vn -0.2451205 -0.1264646 -0.961209
vn 0.2500194 0.1216376 -0.9605699
vn 0.6591812 0.301332 -0.6889696
vn 0.8686471 0.3770106 -0.3214266
vn 0.9204443 0.3908736 0
vn -0.7844156 -0.6202356 0
vn -0.7464172 -0.5828913 -0.3210903
vn -0.5827932 -0.4399631 -0.6832163
vn -0.2334509 -0.1674875 -0.9578354
vn 0.2412195 0.1625416 -0.956762
vn 0.6285316 0.3966015 -0.6690705
vn 0.8174883 0.4886956 -0.3047779
vn 0.8633496 0.5046062 0
vn -0.6915092 -0.7223676 0
vn -0.6618621 -0.6837084 -0.3073781
vn -0.5276849 -0.5287742 -0.6647905
vn -0.2177845 -0.2084866 -0.953469
vn 0.2269778 0.205417 -0.95199
vn 0.5801816 0.495131 -0.6467105
vn 0.7430298 0.6042752 -0.2876773
vn 0.7819732 0.6233121 0
vn -0.6 -0.8000001 0
vn -0.5746823 -0.7607347 -0.3017
vn -0.4598414 -0.5968345 -0.6575214
vn -0.1905129 -0.2399969 -0.9518962
vn 0.1974205 0.239646 -0.9505761
vn 0.4989474 0.582403 -0.6417618
vn 0.6352735 0.7178598 -0.2847891
vn 0.6677542 0.7443819 0
vn -0.5144956 -0.857493 0
vn -0.4881135 -0.8135224 -0.3161116
vn -0.3775879 -0.6293132 -0.6792586
vn -0.1478946 -0.2464911 -0.957794
vn 0.1478947 0.2464912 -0.957794
vn 0.3775878 0.6293132 -0.6792586
vn 0.4881133 0.8135225 -0.3161116
vn 0.5144957 0.8574929 0
vn -0.9305067 -0.1602875 0.3293405
vn -0.7080269 -0.1209476 0.6957511
vn -0.2719318 -0.0458429 0.961224
vn 0.2721984 0.04509771 0.9611837
vn 0.7095317 0.115272 0.6951815
vn 0.932642 0.1489176 0.3286373
vn -0.8874669 -0.3166388 0.3348766
vn -0.6725764 -0.2346281 0.701848
vn -0.2578678 -0.08688891 0.9622653
vn 0.2599288 0.08379807 0.9619848
vn 0.6846773 0.2103809 0.6978229
vn 0.9054589 0.2670698 0.3298756
vn -0.8236659 -0.4595015 0.3323145
vn -0.6299419 -0.3406837 0.6979311
vn -0.2451205 -0.1264646 0.961209
vn 0.2500194 0.1216376 0.9605699
vn 0.6591812 0.301332 0.6889696
vn 0.8686471 0.3770106 0.3214266
vn -0.7464172 -0.5828913 0.3210903
vn -0.5827932 -0.4399631 0.6832163
vn -0.2334509 -0.1674875 0.9578354
vn 0.2412195 0.1625416 0.956762
vn 0.6285316 0.3966015 0.6690705
vn 0.8174883 0.4886956 0.3047779
vn -0.6618621 -0.6837084 0.3073781
vn -0.5276849 -0.5287742 0.6647905
vn -0.2177845 -0.2084866 0.953469
vn 0.2269778 0.205417 0.95199
vn 0.5801816 0.495131 0.6467105
vn 0.7430298 0.6042752 0.2876773
vn -0.5746823 -0.7607347 0.3017
vn -0.4598414 -0.5968345 0.6575214
vn -0.1905129 -0.2399969 0.9518962
vn 0.1974205 0.239646 0.9505761
vn 0.4989474 0.582403 0.6417618
vn 0.6352735 0.7178598 0.2847891
vn -0.4881135 -0.8135224 0.3161116
vn -0.3775879 -0.6293132 0.6792586
vn -0.1478946 -0.2464911 0.957794
vn 0.1478947 0.2464912 0.957794
vn 0.3775878 0.6293132 0.6792586
vn 0.4881133 0.8135225 0.3161116
vn 0.7071059 -0.7071076 0
vn 0.5825547 -0.6139579 0.5326216
vn 0.3362742 -0.3969294 0.8540298
vn 0.1076092 -0.1429984 0.9838555
vn -0.1073725 0.1573357 0.9816907
vn -0.3174654 0.4991575 0.8062615
vn -0.4698036 0.7712227 0.4295348
vn -0.5144954 0.8574931 0
vn 0.8357049 -0.5491788 0
vn 0.6451535 -0.4083999 0.645745
vn 0.3326088 -0.1495661 0.931129
vn 0.09322185 0.09527184 0.9910766
vn -0.1036942 0.346821 0.9321817
vn -0.2822382 0.6110614 0.7395577
vn -0.4144856 0.8203993 0.3938866
vn -0.4572958 0.8893147 0
vn 0.998868 -0.04756564 0
vn 0.6787406 0.0996688 0.7275832
vn 0.2908279 0.3096765 0.9052732
vn 0.05855157 0.4780903 0.876357
vn -0.1037227 0.6285136 0.7708516
vn -0.2373014 0.7735325 0.5876526
vn -0.3369915 0.8884652 0.3115549
vn -0.3725581 0.9280089 0
vn 0.3807493 0.9246783 0
vn 0.2563248 0.9129981 0.317383
vn 0.08973017 0.9143083 0.394954
vn -0.01191642 0.9321832 0.3617908
vn -0.07573392 0.9509988 0.2997758
vn -0.1237313 0.9673557 0.2211638
vn -0.1609184 0.9798778 0.1180877
vn -0.1760166 0.9843872 0
vn -0.2202607 0.975441 0
vn -0.195954 0.9680082 -0.1567231
vn -0.1427556 0.9467797 -0.2884944
vn -0.07810673 0.9134635 -0.3993541
vn 0.01428044 0.8592677 -0.5113267
vn 0.1895889 0.7593892 -0.6224017
vn 0.5730958 0.5549634 -0.6029733
vn 0.9408877 0.3387187 0
vn -0.4558755 0.8900436 0
vn -0.3901711 0.8525708 -0.3476918
vn -0.2514326 0.7549661 -0.6056465
vn -0.1006399 0.6171472 -0.7803851
vn 0.08366497 0.3948969 -0.914908
vn 0.3529014 -0.008930595 -0.9356179
vn 0.6237714 -0.5234151 -0.5804706
vn 0.6955165 -0.7185102 0
vn -0.5972659 0.8020433 0
vn -0.5067477 0.7406287 -0.4412209
vn -0.3129737 0.5802099 -0.7519335
vn -0.1097375 0.3615864 -0.9258579
vn 0.1104539 0.04891993 -0.9926766
vn 0.3521263 -0.3754689 -0.857339
vn 0.5176395 -0.7269958 -0.4511392
vn 0.5560789 -0.8311295 0
vn -0.7071068 0.7071068 0
vn -0.598753 0.631469 -0.4926882
vn -0.3618363 0.430181 -0.8270543
vn -0.1190523 0.1617124 -0.9796304
vn 0.1186449 -0.1811211 -0.9762778
vn 0.3332163 -0.5557658 -0.7616372
vn 0.4569431 -0.806119 -0.3759988
vn 0.4856427 -0.8741574 0
vn 0.5825547 -0.6139579 -0.5326216
vn 0.3362742 -0.3969294 -0.8540298
vn 0.1076092 -0.1429984 -0.9838555
vn -0.1073725 0.1573357 -0.9816907
vn -0.3174654 0.4991575 -0.8062615
vn -0.4698036 0.7712227 -0.4295348
vn 0.6451535 -0.4083999 -0.645745
vn 0.3326088 -0.1495661 -0.931129
vn 0.09322185 0.09527184 -0.9910766
vn -0.1036942 0.346821 -0.9321817
vn -0.2822382 0.6110614 -0.7395577
vn -0.4144856 0.8203993 -0.3938866
vn 0.6787406 0.0996688 -0.7275832
vn 0.2908279 0.3096765 -0.9052732
vn 0.05855157 0.4780903 -0.876357
vn -0.1037227 0.6285136 -0.7708516
vn -0.2373014 0.7735325 -0.5876526
vn -0.3369915 0.8884652 -0.3115549
vn 0.2563248 0.9129981 -0.317383
vn 0.08973017 0.9143083 -0.394954
vn -0.01191642 0.9321832 -0.3617908
vn -0.07573392 0.9509988 -0.2997758
vn -0.1237313 0.9673557 -0.2211638
vn -0.1609184 0.9798778 -0.1180877
vn -0.195954 0.9680082 0.1567231
vn -0.1427556 0.9467797 0.2884944
vn -0.07810673 0.9134635 0.3993541
vn 0.01428044 0.8592677 0.5113267
vn 0.1895889 0.7593892 0.6224017
vn 0.5730958 0.5549634 0.6029733
vn -0.3901711 0.8525708 0.3476918
vn -0.2514326 0.7549661 0.6056465
vn -0.1006399 0.6171472 0.7803851
vn 0.08366497 0.3948969 0.914908
vn 0.3529014 -0.008930595 0.9356179
vn 0.6237714 -0.5234151 0.5804706
vn -0.5067477 0.7406287 0.4412209
vn -0.3129737 0.5802099 0.7519335
vn -0.1097375 0.3615864 0.9258579
vn 0.1104539 0.04891993 0.9926766
vn 0.3521263 -0.3754689 0.857339
vn 0.5176395 -0.7269958 0.4511392
vn -0.598753 0.631469 0.4926882
vn -0.3618363 0.430181 0.8270543
vn -0.1190523 0.1617124 0.9796304
vn 0.1186449 -0.1811211 0.9762778
vn 0.3332163 -0.5557658 0.7616372
vn 0.4569431 -0.806119 0.3759988
vn -0.9070089 0.4211114 0
vn -0.7829416 0.4095933 -0.4682261
vn -0.4752285 0.3364806 -0.8129813
vn -0.142316 0.1976728 -0.9698822
vn 0.1794622 -0.001060998 -0.9837643
vn 0.5001308 -0.2524067 -0.8283478
vn 0.749545 -0.4792213 -0.45665
vn 0.8279517 -0.5607993 0
vn -0.9650813 0.2619507 0
vn -0.8811019 0.2815109 -0.3800145
vn -0.5842159 0.2858348 -0.7595987
vn -0.1426889 0.2081694 -0.9676287
vn 0.2985113 0.05920989 -0.9525677
vn 0.6652575 -0.1142108 -0.7378268
vn 0.8922141 -0.2487399 -0.3769383
vn 0.9555526 -0.2948204 0
vn -0.9676539 0.2522813 0
vn -0.9070194 0.2718443 -0.3215844
vn -0.6370679 0.2896045 -0.7143345
vn -0.1072797 0.2181036 -0.9700113
vn 0.4269883 0.06501694 -0.9019167
vn 0.7731624 -0.08131675 -0.6289735
vn 0.9383502 -0.174015 -0.2986933
vn 0.9790964 -0.2033968 0
vn -0.919145 0.3939193 0
vn -0.8562733 0.3996122 -0.3272707
vn -0.5809438 0.3700437 -0.7249634
vn -0.0475097 0.2233327 -0.9735838
vn 0.4695822 0.01248083 -0.8828005
vn 0.7841805 -0.1542908 -0.6010451
vn 0.9268481 -0.248221 -0.281672
vn 0.9611428 -0.2760516 0
vn -0.7346597 0.6784357 0
vn -0.6601446 0.6419553 -0.3900032
vn -0.3983338 0.4857371 -0.7780678
vn -0.005757065 0.2128074 -0.9770772
vn 0.3737994 -0.08129148 -0.9239403
vn 0.6597621 -0.3221775 -0.6789077
vn 0.8184584 -0.4674756 -0.3340543
vn 0.8602242 -0.5099161 0
vn -0.3581219 0.9336748 0
vn -0.3141065 0.8338541 -0.4538991
vn -0.1796056 0.545584 -0.8185841
vn -0.001647066 0.1917714 -0.9814383
vn 0.1892381 -0.1569239 -0.969311
vn 0.3821802 -0.4870701 -0.7853031
vn 0.5311083 -0.7345399 -0.4223446
vn 0.5794397 -0.8150152 0
vn 0 1 0
vn -0.01555113 0.8681381 -0.4960789
vn -0.03171437 0.5327696 -0.8456658
vn -0.0185545 0.1723506 -0.9848609
vn 0.02605498 -0.1723219 -0.984696
vn 0.09808066 -0.5304677 -0.842012
vn 0.1764789 -0.8546156 -0.4883517
vn 0.2095291 -0.9778025 0
vn -0.7829416 0.4095933 0.4682261
vn -0.4752285 0.3364806 0.8129813
vn -0.142316 0.1976728 0.9698822
vn 0.1794622 -0.001060998 0.9837643
vn 0.5001308 -0.2524067 0.8283478
vn 0.749545 -0.4792213 0.45665
vn -0.8811019 0.2815109 0.3800145
vn -0.5842159 0.2858348 0.7595987
vn -0.1426889 0.2081694 0.9676287
vn 0.2985113 0.05920989 0.9525677
vn 0.6652575 -0.1142108 0.7378268
vn 0.8922141 -0.2487399 0.3769383
vn -0.9070194 0.2718443 0.3215844
vn -0.6370679 0.2896045 0.7143345
vn -0.1072797 0.2181036 0.9700113
vn 0.4269883 0.06501694 0.9019167
vn 0.7731624 -0.08131675 0.6289735
vn 0.9383502 -0.174015 0.2986933
vn -0.8562733 0.3996122 0.3272707
vn -0.5809438 0.3700437 0.7249634
vn -0.0475097 0.2233327 0.9735838
vn 0.4695822 0.01248083 0.8828005
vn 0.7841805 -0.1542908 0.6010451
vn 0.9268481 -0.248221 0.281672
vn -0.6601446 0.6419553 0.3900032
vn -0.3983338 0.4857371 0.7780678
vn -0.005757065 0.2128074 0.9770772
vn 0.3737994 -0.08129148 0.9239403
vn 0.6597621 -0.3221775 0.6789077
vn 0.8184584 -0.4674756 0.3340543
vn -0.3141065 0.8338541 0.4538991
vn -0.1796056 0.545584 0.8185841
vn -0.001647066 0.1917714 0.9814383
vn 0.1892381 -0.1569239 0.969311
vn 0.3821802 -0.4870701 0.7853031
vn 0.5311083 -0.7345399 0.4223446
vn -0.01555113 0.8681381 0.4960789
vn -0.03171437 0.5327696 0.8456658
vn -0.0185545 0.1723506 0.9848609
vn 0.02605498 -0.1723219 0.984696
vn 0.09808066 -0.5304677 0.842012
vn 0.1764789 -0.8546156 0.4883517
vn 0 1 0
vn -0.249576 0.9683553 0
vn -0.2430076 0.9684415 -0.05539177
vn -0.2240183 0.9685801 -0.1080201
vn -0.1941204 0.9686671 -0.1549232
vn -0.1549232 0.9686672 -0.1941204
vn -0.1080201 0.9685801 -0.2240182
vn -0.05539177 0.9684415 -0.2430077
vn 0 0.9683553 -0.249576
vn -0.8778955 0.4788521 0
vn -0.8556665 0.479364 -0.1950516
vn -0.7901058 0.4801838 -0.380994
vn -0.6853727 0.4806984 -0.5469856
vn -0.5469856 0.4806984 -0.6853727
vn -0.380994 0.480184 -0.7901057
vn -0.1950516 0.4793638 -0.8556666
vn 0 0.4788521 -0.8778955
vn -0.9273503 -0.3741942 0
vn -0.9039519 -0.3746949 -0.2060938
vn -0.8348117 -0.3755117 -0.4025922
vn -0.7242247 -0.3760325 -0.5780121
vn -0.5780121 -0.3760327 -0.7242247
vn -0.4025922 -0.3755119 -0.8348115
vn -0.2060938 -0.3746949 -0.903952
vn 0 -0.3741942 -0.9273503
vn -0.8240418 -0.5665289 0
vn -0.8030047 -0.5671246 -0.1831753
vn -0.7412241 -0.5680934 -0.3575707
vn -0.6428605 -0.5687097 -0.5131273
vn -0.5131271 -0.56871 -0.6428604
vn -0.3575706 -0.5680935 -0.741224
vn -0.1831753 -0.5671242 -0.8030049
vn 0 -0.5665289 -0.8240418
vn -0.8574929 -0.5144958 0
vn -0.8355941 -0.5151144 -0.1908915
vn -0.7713127 -0.516127 -0.3724107
vn -0.6690327 -0.516774 -0.5341722
vn -0.534172 -0.5167744 -0.6690326
vn -0.3724107 -0.5161269 -0.7713127
vn -0.1908915 -0.5151142 -0.8355943
vn 0 -0.5144958 -0.8574929
vn -0.9912279 -0.1321637 0
vn -0.9661404 -0.1325292 -0.2213793
vn -0.8922079 -0.1331609 -0.4315475
vn -0.7742881 -0.1335836 -0.6185737
vn -0.6185735 -0.1335839 -0.7742881
vn -0.4315475 -0.1331609 -0.8922079
vn -0.2213792 -0.1325291 -0.9661404
vn 0 -0.1321637 -0.9912279
vn -0.7071068 0.7071067 0
vn -0.6887856 0.7075121 -0.1581174
vn -0.6355016 0.7081302 -0.3077165
vn -0.5512879 0.7085 -0.4405786
vn -0.4405779 0.7085008 -0.5512873
vn -0.3077167 0.7081298 -0.635502
vn -0.1581175 0.7075116 -0.688786
vn 0 0.7071067 -0.7071068
vn 0.05539177 0.9684415 -0.2430076
vn 0.1080201 0.9685801 -0.2240183
vn 0.1549232 0.9686671 -0.1941204
vn 0.1941204 0.9686672 -0.1549232
vn 0.2240182 0.9685801 -0.1080201
vn 0.2430077 0.9684415 -0.05539177
vn 0.249576 0.9683553 0
vn 0.1950516 0.479364 -0.8556665
vn 0.380994 0.4801838 -0.7901058
vn 0.5469856 0.4806984 -0.6853727
vn 0.6853727 0.4806984 -0.5469856
vn 0.7901057 0.480184 -0.380994
vn 0.8556666 0.4793638 -0.1950516
vn 0.8778955 0.4788521 0
vn 0.2060938 -0.3746949 -0.9039519
vn 0.4025922 -0.3755117 -0.8348117
vn 0.5780121 -0.3760325 -0.7242247
vn 0.7242247 -0.3760327 -0.5780121
vn 0.8348115 -0.3755119 -0.4025922
vn 0.903952 -0.3746949 -0.2060938
vn 0.9273503 -0.3741942 0
vn 0.1831753 -0.5671246 -0.8030047
vn 0.3575707 -0.5680934 -0.7412241
vn 0.5131273 -0.5687097 -0.6428605
vn 0.6428604 -0.56871 -0.5131271
vn 0.741224 -0.5680935 -0.3575706
vn 0.8030049 -0.5671242 -0.1831753
vn 0.8240418 -0.5665289 0
vn 0.1908915 -0.5151144 -0.8355941
vn 0.3724107 -0.516127 -0.7713127
vn 0.5341722 -0.516774 -0.6690327
vn 0.6690326 -0.5167744 -0.534172
vn 0.7713127 -0.5161269 -0.3724107
vn 0.8355943 -0.5151142 -0.1908915
vn 0.8574929 -0.5144958 0
vn 0.2213793 -0.1325292 -0.9661404
vn 0.4315475 -0.1331609 -0.8922079
vn 0.6185737 -0.1335836 -0.7742881
vn 0.7742881 -0.1335839 -0.6185735
vn 0.8922079 -0.1331609 -0.4315475
vn 0.9661404 -0.1325291 -0.2213792
vn 0.9912279 -0.1321637 0
vn 0.1581174 0.7075121 -0.6887856
vn 0.3077165 0.7081302 -0.6355016
vn 0.4405786 0.7085 -0.5512879
vn 0.5512873 0.7085008 -0.4405779
vn 0.635502 0.7081298 -0.3077167
vn 0.688786 0.7075116 -0.1581175
vn 0.7071068 0.7071067 0
vn 0 0.9683553 0.249576
vn 0.05539177 0.9684415 0.2430076
vn 0.1080201 0.9685801 0.2240183
vn 0.1549232 0.9686671 0.1941204
vn 0.1941204 0.9686672 0.1549232
vn 0.2240182 0.9685801 0.1080201
vn 0.2430077 0.9684415 0.05539177
vn 0 0.4788521 0.8778955
vn 0.1950516 0.479364 0.8556665
vn 0.380994 0.4801838 0.7901058
vn 0.5469856 0.4806984 0.6853727
vn 0.6853727 0.4806984 0.5469856
vn 0.7901057 0.480184 0.380994
vn 0.8556666 0.4793638 0.1950516
vn 0 -0.3741942 0.9273503
vn 0.2060938 -0.3746949 0.9039519
vn 0.4025922 -0.3755117 0.8348117
vn 0.5780121 -0.3760325 0.7242247
vn 0.7242247 -0.3760327 0.5780121
vn 0.8348115 -0.3755119 0.4025922
vn 0.903952 -0.3746949 0.2060938
vn 0 -0.5665289 0.8240418
vn 0.1831753 -0.5671246 0.8030047
vn 0.3575707 -0.5680934 0.7412241
vn 0.5131273 -0.5687097 0.6428605
vn 0.6428604 -0.56871 0.5131271
vn 0.741224 -0.5680935 0.3575706
vn 0.8030049 -0.5671242 0.1831753
vn 0 -0.5144958 0.8574929
vn 0.1908915 -0.5151144 0.8355941
vn 0.3724107 -0.516127 0.7713127
vn 0.5341722 -0.516774 0.6690327
vn 0.6690326 -0.5167744 0.534172
vn 0.7713127 -0.5161269 0.3724107
vn 0.8355943 -0.5151142 0.1908915
vn 0 -0.1321637 0.9912279
vn 0.2213793 -0.1325292 0.9661404
vn 0.4315475 -0.1331609 0.8922079
vn 0.6185737 -0.1335836 0.7742881
vn 0.7742881 -0.1335839 0.6185735
vn 0.8922079 -0.1331609 0.4315475
vn 0.9661404 -0.1325291 0.2213792
vn 0 0.7071067 0.7071068
vn 0.1581174 0.7075121 0.6887856
vn 0.3077165 0.7081302 0.6355016
vn 0.4405786 0.7085 0.5512879
vn 0.5512873 0.7085008 0.4405779
vn 0.635502 0.7081298 0.3077167
vn 0.688786 0.7075116 0.1581175
vn -0.2430076 0.9684415 0.05539177
vn -0.2240183 0.9685801 0.1080201
vn -0.1941204 0.9686671 0.1549232
vn -0.1549232 0.9686672 0.1941204
vn -0.1080201 0.9685801 0.2240182
vn -0.05539177 0.9684415 0.2430077
vn -0.8556665 0.479364 0.1950516
vn -0.7901058 0.4801838 0.380994
vn -0.6853727 0.4806984 0.5469856
vn -0.5469856 0.4806984 0.6853727
vn -0.380994 0.480184 0.7901057
vn -0.1950516 0.4793638 0.8556666
vn -0.9039519 -0.3746949 0.2060938
vn -0.8348117 -0.3755117 0.4025922
vn -0.7242247 -0.3760325 0.5780121
vn -0.5780121 -0.3760327 0.7242247
vn -0.4025922 -0.3755119 0.8348115
vn -0.2060938 -0.3746949 0.903952
vn -0.8030047 -0.5671246 0.1831753
vn -0.7412241 -0.5680934 0.3575707
vn -0.6428605 -0.5687097 0.5131273
vn -0.5131271 -0.56871 0.6428604
vn -0.3575706 -0.5680935 0.741224
vn -0.1831753 -0.5671242 0.8030049
vn -0.8355941 -0.5151144 0.1908915
vn -0.7713127 -0.516127 0.3724107
vn -0.6690327 -0.516774 0.5341722
vn -0.534172 -0.5167744 0.6690326
vn -0.3724107 -0.5161269 0.7713127
vn -0.1908915 -0.5151142 0.8355943
vn -0.9661404 -0.1325292 0.2213793
vn -0.8922079 -0.1331609 0.4315475
vn -0.7742881 -0.1335836 0.6185737
vn -0.6185735 -0.1335839 0.7742881
vn -0.4315475 -0.1331609 0.8922079
vn -0.2213792 -0.1325291 0.9661404
vn -0.6887856 0.7075121 0.1581174
vn -0.6355016 0.7081302 0.3077165
vn -0.5512879 0.7085 0.4405786
vn -0.4405779 0.7085008 0.5512873
vn -0.3077167 0.7081298 0.635502
vn -0.1581175 0.7075116 0.688786
vn -0.3802326 0.9248909 0
vn -0.3702295 0.9250442 -0.08498978
vn -0.3413776 0.9252771 -0.1652986
vn -0.2960284 0.9254172 -0.2365801
vn -0.2365803 0.9254171 -0.2960288
vn -0.1652985 0.9252772 -0.3413773
vn -0.08498985 0.9250442 -0.3702298
vn 0 0.9248909 -0.3802326
vn -0.2445189 0.9696445 0
vn -0.238063 0.969711 -0.05464967
vn -0.2194784 0.9698119 -0.1062737
vn -0.1903056 0.9698726 -0.1520885
vn -0.1520887 0.9698725 -0.1903059
vn -0.1062736 0.969812 -0.2194781
vn -0.05464971 0.9697109 -0.2380631
vn 0 0.9696445 -0.2445189
vn -0.1976361 0.9802755 0
vn -0.1924135 0.9803194 -0.04417039
vn -0.177386 0.980386 -0.08589217
vn -0.1538049 0.9804261 -0.1229179
vn -0.122918 0.980426 -0.1538051
vn -0.08589206 0.9803861 -0.1773858
vn -0.04417039 0.9803193 -0.1924135
vn 0 0.9802755 -0.1976361
vn -0.2089582 0.9779246 0
vn -0.2034376 0.9779735 -0.04670108
vn -0.1875504 0.9780478 -0.09081389
vn -0.162619 0.9780925 -0.1299619
vn -0.1299621 0.9780925 -0.1626193
vn -0.09081378 0.978048 -0.1875502
vn -0.04670106 0.9779735 -0.2034375
vn 0 0.9779246 -0.2089582
vn -0.2948002 0.9555589 0
vn -0.2870258 0.9556541 -0.06588957
vn -0.2646307 0.9557989 -0.128137
vn -0.2294635 0.9558856 -0.1833827
vn -0.1833829 0.9558855 -0.2294637
vn -0.1281369 0.955799 -0.2646305
vn -0.06588952 0.9556541 -0.2870256
vn 0 0.9555589 -0.2948002
vn -0.5581768 0.829722 0
vn -0.5435969 0.8300183 -0.124788
vn -0.5013793 0.8304697 -0.2427732
vn -0.4348525 0.8307402 -0.3475256
vn -0.3475258 0.83074 -0.4348528
vn -0.242773 0.83047 -0.501379
vn -0.1247879 0.8300187 -0.5435964
vn 0 0.829722 -0.5581768
vn -1 0 0
vn -0.9746488 0 -0.2237401
vn -0.9000394 0 -0.4358085
vn -0.7811811 0 -0.6243046
vn -0.6243045 0 -0.7811811
vn -0.4358085 0 -0.9000394
vn -0.2237401 0 -0.9746488
vn 0 0 -1
vn 0.08498978 0.9250442 -0.3702295
vn 0.1652986 0.9252771 -0.3413776
vn 0.2365801 0.9254172 -0.2960284
vn 0.2960288 0.9254171 -0.2365803
vn 0.3413773 0.9252772 -0.1652985
vn 0.3702298 0.9250442 -0.08498985
vn 0.3802326 0.9248909 0
vn 0.05464967 0.969711 -0.238063
vn 0.1062737 0.9698119 -0.2194784
vn 0.1520885 0.9698726 -0.1903056
vn 0.1903059 0.9698725 -0.1520887
vn 0.2194781 0.969812 -0.1062736
vn 0.2380631 0.9697109 -0.05464971
vn 0.2445189 0.9696445 0
vn 0.04417039 0.9803194 -0.1924135
vn 0.08589217 0.980386 -0.177386
vn 0.1229179 0.9804261 -0.1538049
vn 0.1538051 0.980426 -0.122918
vn 0.1773858 0.9803861 -0.08589206
vn 0.1924135 0.9803193 -0.04417039
vn 0.1976361 0.9802755 0
vn 0.04670108 0.9779735 -0.2034376
vn 0.09081389 0.9780478 -0.1875504
vn 0.1299619 0.9780925 -0.162619
vn 0.1626193 0.9780925 -0.1299621
vn 0.1875502 0.978048 -0.09081378
vn 0.2034375 0.9779735 -0.04670106
vn 0.2089582 0.9779246 0
vn 0.06588957 0.9556541 -0.2870258
vn 0.128137 0.9557989 -0.2646307
vn 0.1833827 0.9558856 -0.2294635
vn 0.2294637 0.9558855 -0.1833829
vn 0.2646305 0.955799 -0.1281369
vn 0.2870256 0.9556541 -0.06588952
vn 0.2948002 0.9555589 0
vn 0.124788 0.8300183 -0.5435969
vn 0.2427732 0.8304697 -0.5013793
vn 0.3475256 0.8307402 -0.4348525
vn 0.4348528 0.83074 -0.3475258
vn 0.501379 0.83047 -0.242773
vn 0.5435964 0.8300187 -0.1247879
vn 0.5581768 0.829722 0
vn 0.2237401 0 -0.9746488
vn 0.4358085 0 -0.9000394
vn 0.6243046 0 -0.7811811
vn 0.7811811 0 -0.6243045
vn 0.9000394 0 -0.4358085
vn 0.9746488 0 -0.2237401
vn 1 0 0
vn 0 0.9248909 0.3802326
vn 0.08498978 0.9250442 0.3702295
vn 0.1652986 0.9252771 0.3413776
vn 0.2365801 0.9254172 0.2960284
vn 0.2960288 0.9254171 0.2365803
vn 0.3413773 0.9252772 0.1652985
vn 0.3702298 0.9250442 0.08498985
vn 0 0.9696445 0.2445189
vn 0.05464967 0.969711 0.238063
vn 0.1062737 0.9698119 0.2194784
vn 0.1520885 0.9698726 0.1903056
vn 0.1903059 0.9698725 0.1520887
vn 0.2194781 0.969812 0.1062736
vn 0.2380631 0.9697109 0.05464971
vn 0 0.9802755 0.1976361
vn 0.04417039 0.9803194 0.1924135
vn 0.08589217 0.980386 0.177386
vn 0.1229179 0.9804261 0.1538049
vn 0.1538051 0.980426 0.122918
vn 0.1773858 0.9803861 0.08589206
vn 0.1924135 0.9803193 0.04417039
vn 0 0.9779246 0.2089582
vn 0.04670108 0.9779735 0.2034376
vn 0.09081389 0.9780478 0.1875504
vn 0.1299619 0.9780925 0.162619
vn 0.1626193 0.9780925 0.1299621
vn 0.1875502 0.978048 0.09081378
vn 0.2034375 0.9779735 0.04670106
vn 0 0.9555589 0.2948002
vn 0.06588957 0.9556541 0.2870258
vn 0.128137 0.9557989 0.2646307
vn 0.1833827 0.9558856 0.2294635
vn 0.2294637 0.9558855 0.1833829
vn 0.2646305 0.955799 0.1281369
vn 0.2870256 0.9556541 0.06588952
vn 0 0.829722 0.5581768
vn 0.124788 0.8300183 0.5435969
vn 0.2427732 0.8304697 0.5013793
vn 0.3475256 0.8307402 0.4348525
vn 0.4348528 0.83074 0.3475258
vn 0.501379 0.83047 0.242773
vn 0.5435964 0.8300187 0.1247879
vn 0 0 1
vn 0.2237401 0 0.9746488
vn 0.4358085 0 0.9000394
vn 0.6243046 0 0.7811811
vn 0.7811811 0 0.6243045
vn 0.9000394 0 0.4358085
vn 0.9746488 0 0.2237401
vn -0.3702295 0.9250442 0.08498978
vn -0.3413776 0.9252771 0.1652986
vn -0.2960284 0.9254172 0.2365801
vn -0.2365803 0.9254171 0.2960288
vn -0.1652985 0.9252772 0.3413773
vn -0.08498985 0.9250442 0.3702298
vn -0.238063 0.969711 0.05464967
vn -0.2194784 0.9698119 0.1062737
vn -0.1903056 0.9698726 0.1520885
vn -0.1520887 0.9698725 0.1903059
vn -0.1062736 0.969812 0.2194781
vn -0.05464971 0.9697109 0.2380631
vn -0.1924135 0.9803194 0.04417039
vn -0.177386 0.980386 0.08589217
vn -0.1538049 0.9804261 0.1229179
vn -0.122918 0.980426 0.1538051
vn -0.08589206 0.9803861 0.1773858
vn -0.04417039 0.9803193 0.1924135
vn -0.2034376 0.9779735 0.04670108
vn -0.1875504 0.9780478 0.09081389
vn -0.162619 0.9780925 0.1299619
vn -0.1299621 0.9780925 0.1626193
vn -0.09081378 0.978048 0.1875502
vn -0.04670106 0.9779735 0.2034375
vn -0.2870258 0.9556541 0.06588957
vn -0.2646307 0.9557989 0.128137
vn -0.2294635 0.9558856 0.1833827
vn -0.1833829 0.9558855 0.2294637
vn -0.1281369 0.955799 0.2646305
vn -0.06588952 0.9556541 0.2870256
vn -0.5435969 0.8300183 0.124788
vn -0.5013793 0.8304697 0.2427732
vn -0.4348525 0.8307402 0.3475256
vn -0.3475258 0.83074 0.4348528
vn -0.242773 0.83047 0.501379
vn -0.1247879 0.8300187 0.5435964
vn -0.9746488 0 0.2237401
vn -0.9000394 0 0.4358085
vn -0.7811811 0 0.6243046
vn -0.6243045 0 0.7811811
vn -0.4358085 0 0.9000394
vn -0.2237401 0 0.9746488
vn 0.9417419 -0.3363365 0
vn 0.9177484 -0.3366788 0.2106781
vn 0.8473269 -0.3371997 0.4102846
vn 0.7353414 -0.3375154 0.5876703
vn 0.5876705 -0.3375148 0.7353416
vn 0.4102843 -0.3372011 0.8473265
vn 0.210678 -0.3366794 0.9177482
vn 0 -0.3363365 0.9417419
vn 0.9872514 -0.1591691 0
vn 0.9621955 -0.1593467 0.2208814
vn 0.8884999 -0.1596178 0.4302209
vn 0.7711446 -0.1597826 0.6162836
vn 0.6162836 -0.1597822 0.7711447
vn 0.4302209 -0.1596189 0.8884998
vn 0.2208813 -0.1593476 0.9621952
vn 0 -0.1591691 0.9872514
vn 0.9829478 0.183885 0
vn 0.9579915 0.1840899 0.2199163
vn 0.8846048 0.1844006 0.428335
vn 0.7677574 0.1845873 0.6135765
vn 0.6135765 0.1845871 0.7677574
vn 0.4283349 0.1844003 0.8846048
vn 0.2199164 0.1840886 0.9579918
vn 0 0.183885 0.9829478
vn 0.5295129 0.8483019 0
vn 0.5156622 0.8485751 0.1183753
vn 0.4755901 0.8489892 0.2302857
vn 0.412471 0.8492385 0.3296387
vn 0.3296392 0.849238 0.4124717
vn 0.2302853 0.8489897 0.4755893
vn 0.1183755 0.8485746 0.5156631
vn 0 0.8483019 0.5295129
vn -0.3963585 0.9180958 0
vn -0.3859364 0.9182613 -0.08859547
vn -0.3558688 0.9185123 -0.1723154
vn -0.3085988 0.9186634 -0.2466261
vn -0.2466265 0.918663 -0.3085994
vn -0.172315 0.9185126 -0.3558681
vn -0.08859557 0.9182612 -0.3859368
vn 0 0.9180958 -0.3963585
vn -0.7427913 0.669523 0
vn -0.7235881 0.6699469 -0.1661067
vn -0.6676736 0.6705912 -0.3232946
vn -0.5792267 0.6709799 -0.4629066
vn -0.462907 0.670979 -0.5792272
vn -0.3232941 0.6705924 -0.6676728
vn -0.1661067 0.6699466 -0.7235883
vn 0 0.669523 -0.7427913
vn -0.8750823 0.4839742 0
vn -0.8526686 0.4843993 -0.1957384
vn -0.7870739 0.4850468 -0.3811094
vn -0.6829641 0.4854378 -0.5458115
vn -0.5458118 0.4854367 -0.6829646
vn -0.3811091 0.4850481 -0.7870732
vn -0.1957384 0.4843992 -0.8526686
vn 0 0.4839742 -0.8750823
vn -0.9417419 0.3363365 0
vn -0.9177486 0.3366783 -0.2106781
vn -0.8473268 0.3372 -0.4102845
vn -0.7353414 0.3375151 -0.5876704
vn -0.5876706 0.3375143 -0.7353417
vn -0.4102844 0.3372012 -0.8473265
vn -0.2106781 0.3366783 -0.9177486
vn 0 0.3363365 -0.9417419
vn -0.2106781 -0.3366788 0.9177484
vn -0.4102846 -0.3371997 0.8473269
vn -0.5876703 -0.3375154 0.7353414
vn -0.7353416 -0.3375148 0.5876705
vn -0.8473265 -0.3372011 0.4102843
vn -0.9177482 -0.3366794 0.210678
vn -0.9417419 -0.3363365 0
vn -0.2208814 -0.1593467 0.9621955
vn -0.4302209 -0.1596178 0.8884999
vn -0.6162836 -0.1597826 0.7711446
vn -0.7711447 -0.1597822 0.6162836
vn -0.8884998 -0.1596189 0.4302209
vn -0.9621952 -0.1593476 0.2208813
vn -0.9872514 -0.1591691 0
vn -0.2199163 0.1840899 0.9579915
vn -0.428335 0.1844006 0.8846048
vn -0.6135765 0.1845873 0.7677574
vn -0.7677574 0.1845871 0.6135765
vn -0.8846048 0.1844003 0.4283349
vn -0.9579918 0.1840886 0.2199164
vn -0.9829478 0.183885 0
vn -0.1183753 0.8485751 0.5156622
vn -0.2302857 0.8489892 0.4755901
vn -0.3296387 0.8492385 0.412471
vn -0.4124717 0.849238 0.3296392
vn -0.4755893 0.8489897 0.2302853
vn -0.5156631 0.8485746 0.1183755
vn -0.5295129 0.8483019 0
vn 0.08859547 0.9182613 -0.3859364
vn 0.1723154 0.9185123 -0.3558688
vn 0.2466261 0.9186634 -0.3085988
vn 0.3085994 0.918663 -0.2466265
vn 0.3558681 0.9185126 -0.172315
vn 0.3859368 0.9182612 -0.08859557
vn 0.3963585 0.9180958 0
vn 0.1661067 0.6699469 -0.7235881
vn 0.3232946 0.6705912 -0.6676736
vn 0.4629066 0.6709799 -0.5792267
vn 0.5792272 0.670979 -0.462907
vn 0.6676728 0.6705924 -0.3232941
vn 0.7235883 0.6699466 -0.1661067
vn 0.7427913 0.669523 0
vn 0.1957384 0.4843993 -0.8526686
vn 0.3811094 0.4850468 -0.7870739
vn 0.5458115 0.4854378 -0.6829641
vn 0.6829646 0.4854367 -0.5458118
vn 0.7870732 0.4850481 -0.3811091
vn 0.8526686 0.4843992 -0.1957384
vn 0.8750823 0.4839742 0
vn 0.2106781 0.3366783 -0.9177486
vn 0.4102845 0.3372 -0.8473268
vn 0.5876704 0.3375151 -0.7353414
vn 0.7353417 0.3375143 -0.5876706
vn 0.8473265 0.3372012 -0.4102844
vn 0.9177486 0.3366783 -0.2106781
vn 0.9417419 0.3363365 0
vn 0 -0.3363365 -0.9417419
vn -0.2106781 -0.3366788 -0.9177484
vn -0.4102846 -0.3371997 -0.8473269
vn -0.5876703 -0.3375154 -0.7353414
vn -0.7353416 -0.3375148 -0.5876705
vn -0.8473265 -0.3372011 -0.4102843
vn -0.9177482 -0.3366794 -0.210678
vn 0 -0.1591691 -0.9872514
vn -0.2208814 -0.1593467 -0.9621955
vn -0.4302209 -0.1596178 -0.8884999
vn -0.6162836 -0.1597826 -0.7711446
vn -0.7711447 -0.1597822 -0.6162836
vn -0.8884998 -0.1596189 -0.4302209
vn -0.9621952 -0.1593476 -0.2208813
vn 0 0.183885 -0.9829478
vn -0.2199163 0.1840899 -0.9579915
vn -0.428335 0.1844006 -0.8846048
vn -0.6135765 0.1845873 -0.7677574
vn -0.7677574 0.1845871 -0.6135765
vn -0.8846048 0.1844003 -0.4283349
vn -0.9579918 0.1840886 -0.2199164
vn 0 0.8483019 -0.5295129
vn -0.1183753 0.8485751 -0.5156622
vn -0.2302857 0.8489892 -0.4755901
vn -0.3296387 0.8492385 -0.412471
vn -0.4124717 0.849238 -0.3296392
vn -0.4755893 0.8489897 -0.2302853
vn -0.5156631 0.8485746 -0.1183755
vn 0 0.9180958 0.3963585
vn 0.08859547 0.9182613 0.3859364
vn 0.1723154 0.9185123 0.3558688
vn 0.2466261 0.9186634 0.3085988
vn 0.3085994 0.918663 0.2466265
vn 0.3558681 0.9185126 0.172315
vn 0.3859368 0.9182612 0.08859557
vn 0 0.669523 0.7427913
vn 0.1661067 0.6699469 0.7235881
vn 0.3232946 0.6705912 0.6676736
vn 0.4629066 0.6709799 0.5792267
vn 0.5792272 0.670979 0.462907
vn 0.6676728 0.6705924 0.3232941
vn 0.7235883 0.6699466 0.1661067
vn 0 0.4839742 0.8750823
vn 0.1957384 0.4843993 0.8526686
vn 0.3811094 0.4850468 0.7870739
vn 0.5458115 0.4854378 0.6829641
vn 0.6829646 0.4854367 0.5458118
vn 0.7870732 0.4850481 0.3811091
vn 0.8526686 0.4843992 0.1957384
vn 0 0.3363365 0.9417419
vn 0.2106781 0.3366783 0.9177486
vn 0.4102845 0.3372 0.8473268
vn 0.5876704 0.3375151 0.7353414
vn 0.7353417 0.3375143 0.5876706
vn 0.8473265 0.3372012 0.4102844
vn 0.9177486 0.3366783 0.2106781
vn 0.9177484 -0.3366788 -0.2106781
vn 0.8473269 -0.3371997 -0.4102846
vn 0.7353414 -0.3375154 -0.5876703
vn 0.5876705 -0.3375148 -0.7353416
vn 0.4102843 -0.3372011 -0.8473265
vn 0.210678 -0.3366794 -0.9177482
vn 0.9621955 -0.1593467 -0.2208814
vn 0.8884999 -0.1596178 -0.4302209
vn 0.7711446 -0.1597826 -0.6162836
vn 0.6162836 -0.1597822 -0.7711447
vn 0.4302209 -0.1596189 -0.8884998
vn 0.2208813 -0.1593476 -0.9621952
vn 0.9579915 0.1840899 -0.2199163
vn 0.8846048 0.1844006 -0.428335
vn 0.7677574 0.1845873 -0.6135765
vn 0.6135765 0.1845871 -0.7677574
vn 0.4283349 0.1844003 -0.8846048
vn 0.2199164 0.1840886 -0.9579918
vn 0.5156622 0.8485751 -0.1183753
vn 0.4755901 0.8489892 -0.2302857
vn 0.412471 0.8492385 -0.3296387
vn 0.3296392 0.849238 -0.4124717
vn 0.2302853 0.8489897 -0.4755893
vn 0.1183755 0.8485746 -0.5156631
vn -0.3859364 0.9182613 0.08859547
vn -0.3558688 0.9185123 0.1723154
vn -0.3085988 0.9186634 0.2466261
vn -0.2466265 0.918663 0.3085994
vn -0.172315 0.9185126 0.3558681
vn -0.08859557 0.9182612 0.3859368
vn -0.7235881 0.6699469 0.1661067
vn -0.6676736 0.6705912 0.3232946
vn -0.5792267 0.6709799 0.4629066
vn -0.462907 0.670979 0.5792272
vn -0.3232941 0.6705924 0.6676728
vn -0.1661067 0.6699466 0.7235883
vn -0.8526686 0.4843993 0.1957384
vn -0.7870739 0.4850468 0.3811094
vn -0.6829641 0.4854378 0.5458115
vn -0.5458118 0.4854367 0.6829646
vn -0.3811091 0.4850481 0.7870732
vn -0.1957384 0.4843992 0.8526686
vn -0.9177486 0.3366783 0.2106781
vn -0.8473268 0.3372 0.4102845
vn -0.7353414 0.3375151 0.5876704
vn -0.5876706 0.3375143 0.7353417
vn -0.4102844 0.3372012 0.8473265
vn -0.2106781 0.3366783 0.9177486
vn -0.9436 0.3310877 0
vn -0.9195629 0.3314257 -0.2110946
vn -0.8490068 0.3319427 -0.411098
vn -0.7368025 0.3322529 -0.588838
vn -0.5888379 0.3322532 -0.7368025
vn -0.411098 0.3319426 -0.8490068
vn -0.2110946 0.3314258 -0.9195629
vn 0 0.3310877 -0.9436
vn -0.9491024 0.3149676 0
vn -0.9249363 0.315293 -0.2123281
vn -0.8539835 0.3157904 -0.4135078
vn -0.7411296 0.316089 -0.5922962
vn -0.5922961 0.3160892 -0.7411295
vn -0.4135077 0.3157903 -0.8539835
vn -0.2123281 0.315293 -0.9249363
vn 0 0.3149676 -0.9491024
vn -0.957984 0.2868215 0
vn -0.9336098 0.2871235 -0.2143192
vn -0.8620173 0.2875849 -0.4173979
vn -0.7481152 0.287862 -0.5978789
vn -0.5978789 0.2878621 -0.7481152
vn -0.4173979 0.2875849 -0.8620175
vn -0.2143192 0.2871235 -0.9336098
vn 0 0.2868215 -0.957984
vn -0.9696169 0.2446281 0
vn -0.9449711 0.2448921 -0.2169273
vn -0.8725418 0.2452951 -0.422494
vn -0.7572669 0.2455373 -0.6051928
vn -0.6051927 0.2455373 -0.7572669
vn -0.4224939 0.2452951 -0.8725418
vn -0.2169273 0.244892 -0.9449711
vn 0 0.2446281 -0.9696169
vn -0.9826617 0.1854078 0
vn -0.9577122 0.1856133 -0.2198522
vn -0.8843459 0.1859271 -0.4282096
vn -0.7675322 0.1861157 -0.6133965
vn -0.6133965 0.1861157 -0.7675322
vn -0.4282095 0.1859272 -0.8843459
vn -0.2198522 0.1856132 -0.9577123
vn 0 0.1854078 -0.9826617
vn -0.9944432 0.1052749 0
vn -0.9692206 0.1053944 -0.222494
vn -0.8950092 0.1055769 -0.4333729
vn -0.776806 0.1056866 -0.6208081
vn -0.6208079 0.1056866 -0.7768061
vn -0.4333729 0.1055769 -0.8950092
vn -0.222494 0.1053944 -0.9692206
vn 0 0.1052749 -0.9944432
vn -1 0 0
vn -0.9746488 0 -0.2237401
vn -0.9000394 0 -0.4358085
vn -0.781181 0 -0.6243045
vn -0.6243044 0 -0.7811811
vn -0.4358085 0 -0.9000394
vn -0.2237401 0 -0.9746488
vn 0 0 -1
vn 0.2110946 0.3314257 -0.9195629
vn 0.411098 0.3319427 -0.8490068
vn 0.588838 0.3322529 -0.7368025
vn 0.7368025 0.3322532 -0.5888379
vn 0.8490068 0.3319426 -0.411098
vn 0.9195629 0.3314258 -0.2110946
vn 0.9436 0.3310877 0
vn 0.2123281 0.315293 -0.9249363
vn 0.4135078 0.3157904 -0.8539835
vn 0.5922962 0.316089 -0.7411296
vn 0.7411295 0.3160892 -0.5922961
vn 0.8539835 0.3157903 -0.4135077
vn 0.9249363 0.315293 -0.2123281
vn 0.9491024 0.3149676 0
vn 0.2143192 0.2871235 -0.9336098
vn 0.4173979 0.2875849 -0.8620173
vn 0.5978789 0.287862 -0.7481152
vn 0.7481152 0.2878621 -0.5978789
vn 0.8620175 0.2875849 -0.4173979
vn 0.9336098 0.2871235 -0.2143192
vn 0.957984 0.2868215 0
vn 0.2169273 0.2448921 -0.9449711
vn 0.422494 0.2452951 -0.8725418
vn 0.6051928 0.2455373 -0.7572669
vn 0.7572669 0.2455373 -0.6051927
vn 0.8725418 0.2452951 -0.4224939
vn 0.9449711 0.244892 -0.2169273
vn 0.9696169 0.2446281 0
vn 0.2198522 0.1856133 -0.9577122
vn 0.4282096 0.1859271 -0.8843459
vn 0.6133965 0.1861157 -0.7675322
vn 0.7675322 0.1861157 -0.6133965
vn 0.8843459 0.1859272 -0.4282095
vn 0.9577123 0.1856132 -0.2198522
vn 0.9826617 0.1854078 0
vn 0.222494 0.1053944 -0.9692206
vn 0.4333729 0.1055769 -0.8950092
vn 0.6208081 0.1056866 -0.776806
vn 0.7768061 0.1056866 -0.6208079
vn 0.8950092 0.1055769 -0.4333729
vn 0.9692206 0.1053944 -0.222494
vn 0.9944432 0.1052749 0
vn 0.2237401 0 -0.9746488
vn 0.4358085 0 -0.9000394
vn 0.6243045 0 -0.781181
vn 0.7811811 0 -0.6243044
vn 0.9000394 0 -0.4358085
vn 0.9746488 0 -0.2237401
vn 1 0 0
vn 0 0.3310877 0.9436
vn 0.2110946 0.3314257 0.9195629
vn 0.411098 0.3319427 0.8490068
vn 0.588838 0.3322529 0.7368025
vn 0.7368025 0.3322532 0.5888379
vn 0.8490068 0.3319426 0.411098
vn 0.9195629 0.3314258 0.2110946
vn 0 0.3149676 0.9491024
vn 0.2123281 0.315293 0.9249363
vn 0.4135078 0.3157904 0.8539835
vn 0.5922962 0.316089 0.7411296
vn 0.7411295 0.3160892 0.5922961
vn 0.8539835 0.3157903 0.4135077
vn 0.9249363 0.315293 0.2123281
vn 0 0.2868215 0.957984
vn 0.2143192 0.2871235 0.9336098
vn 0.4173979 0.2875849 0.8620173
vn 0.5978789 0.287862 0.7481152
vn 0.7481152 0.2878621 0.5978789
vn 0.8620175 0.2875849 0.4173979
vn 0.9336098 0.2871235 0.2143192
vn 0 0.2446281 0.9696169
vn 0.2169273 0.2448921 0.9449711
vn 0.422494 0.2452951 0.8725418
vn 0.6051928 0.2455373 0.7572669
vn 0.7572669 0.2455373 0.6051927
vn 0.8725418 0.2452951 0.4224939
vn 0.9449711 0.244892 0.2169273
vn 0 0.1854078 0.9826617
vn 0.2198522 0.1856133 0.9577122
vn 0.4282096 0.1859271 0.8843459
vn 0.6133965 0.1861157 0.7675322
vn 0.7675322 0.1861157 0.6133965
vn 0.8843459 0.1859272 0.4282095
vn 0.9577123 0.1856132 0.2198522
vn 0 0.1052749 0.9944432
vn 0.222494 0.1053944 0.9692206
vn 0.4333729 0.1055769 0.8950092
vn 0.6208081 0.1056866 0.776806
vn 0.7768061 0.1056866 0.6208079
vn 0.8950092 0.1055769 0.4333729
vn 0.9692206 0.1053944 0.222494
vn 0 0 1
vn 0.2237401 0 0.9746488
vn 0.4358085 0 0.9000394
vn 0.6243045 0 0.781181
vn 0.7811811 0 0.6243044
vn 0.9000394 0 0.4358085
vn 0.9746488 0 0.2237401
vn -0.9195629 0.3314257 0.2110946
vn -0.8490068 0.3319427 0.411098
vn -0.7368025 0.3322529 0.588838
vn -0.5888379 0.3322532 0.7368025
vn -0.411098 0.3319426 0.8490068
vn -0.2110946 0.3314258 0.9195629
vn -0.9249363 0.315293 0.2123281
vn -0.8539835 0.3157904 0.4135078
vn -0.7411296 0.316089 0.5922962
vn -0.5922961 0.3160892 0.7411295
vn -0.4135077 0.3157903 0.8539835
vn -0.2123281 0.315293 0.9249363
vn -0.9336098 0.2871235 0.2143192
vn -0.8620173 0.2875849 0.4173979
vn -0.7481152 0.287862 0.5978789
vn -0.5978789 0.2878621 0.7481152
vn -0.4173979 0.2875849 0.8620175
vn -0.2143192 0.2871235 0.9336098
vn -0.9449711 0.2448921 0.2169273
vn -0.8725418 0.2452951 0.422494
vn -0.7572669 0.2455373 0.6051928
vn -0.6051927 0.2455373 0.7572669
vn -0.4224939 0.2452951 0.8725418
vn -0.2169273 0.244892 0.9449711
vn -0.9577122 0.1856133 0.2198522
vn -0.8843459 0.1859271 0.4282096
vn -0.7675322 0.1861157 0.6133965
vn -0.6133965 0.1861157 0.7675322
vn -0.4282095 0.1859272 0.8843459
vn -0.2198522 0.1856132 0.9577123
vn -0.9692206 0.1053944 0.222494
vn -0.8950092 0.1055769 0.4333729
vn -0.776806 0.1056866 0.6208081
vn -0.6208079 0.1056866 0.7768061
vn -0.4333729 0.1055769 0.8950092
vn -0.222494 0.1053944 0.9692206
vn -0.9746488 0 0.2237401
vn -0.9000394 0 0.4358085
vn -0.781181 0 0.6243045
vn -0.6243044 0 0.7811811
vn -0.4358085 0 0.9000394
vn -0.2237401 0 0.9746488
vn -0.9730121 -0.2307539 0
vn -0.9482872 -0.2310046 -0.2176886
vn -0.8756139 -0.2313876 -0.4239815
vn -0.7599384 -0.2316176 -0.6073278
vn -0.6073277 -0.2316176 -0.7599384
vn -0.4239813 -0.2313875 -0.8756138
vn -0.2176885 -0.2310046 -0.9482872
vn 0 -0.2307539 -0.9730121
vn -0.9059667 -0.4233489 0
vn -0.8828177 -0.4237475 -0.2026594
vn -0.8149815 -0.4243563 -0.3946226
vn -0.707222 -0.4247217 -0.5651979
vn -0.5651978 -0.4247217 -0.7072219
vn -0.3946226 -0.4243562 -0.8149815
vn -0.2026594 -0.4237475 -0.8828178
vn 0 -0.4233489 -0.9059667
vn -0.8277085 -0.5611583 0
vn -0.8064336 -0.5615992 -0.1851247
vn -0.7442897 -0.5622721 -0.3603929
vn -0.6457849 -0.5626759 -0.5160986
vn -0.5160986 -0.562676 -0.6457849
vn -0.3603929 -0.5622721 -0.7442897
vn -0.1851247 -0.5615992 -0.8064336
vn 0 -0.5611583 -0.8277085
vn -0.7637942 -0.6454599 0
vn -0.7440752 -0.6458917 -0.1708097
vn -0.6866143 -0.6465503 -0.3324658
vn -0.5956789 -0.6469454 -0.4760549
vn -0.4760548 -0.6469455 -0.5956789
vn -0.3324658 -0.6465503 -0.6866143
vn -0.1708097 -0.6458917 -0.7440753
vn 0 -0.6454599 -0.7637942
vn -0.7368734 -0.6760306 0
vn -0.7178163 -0.6764515 -0.1647817
vn -0.6623363 -0.6770934 -0.3207102
vn -0.5745919 -0.6774784 -0.4592026
vn -0.4592025 -0.6774785 -0.5745919
vn -0.3207102 -0.6770935 -0.6623363
vn -0.1647817 -0.6764515 -0.7178163
vn 0 -0.6760306 -0.7368734
vn -0.792624 -0.6097108 0
vn -0.7722005 -0.61015 -0.1772661
vn -0.7126236 -0.6108202 -0.3450599
vn -0.6182727 -0.6112223 -0.4941115
vn -0.4941114 -0.6112224 -0.6182728
vn -0.3450598 -0.6108202 -0.7126236
vn -0.1772662 -0.61015 -0.7722006
vn 0 -0.6097108 -0.792624
vn -1 0 0
vn -0.9746488 0 -0.2237401
vn -0.9000394 0 -0.4358085
vn -0.781181 0 -0.6243046
vn -0.6243045 0 -0.7811812
vn -0.4358085 0 -0.9000394
vn -0.2237401 0 -0.9746488
vn 0 0 -1
vn 0.2176886 -0.2310046 -0.9482872
vn 0.4239815 -0.2313876 -0.8756139
vn 0.6073278 -0.2316176 -0.7599384
vn 0.7599384 -0.2316176 -0.6073277
vn 0.8756138 -0.2313875 -0.4239813
vn 0.9482872 -0.2310046 -0.2176885
vn 0.9730121 -0.2307539 0
vn 0.2026594 -0.4237475 -0.8828177
vn 0.3946226 -0.4243563 -0.8149815
vn 0.5651979 -0.4247217 -0.707222
vn 0.7072219 -0.4247217 -0.5651978
vn 0.8149815 -0.4243562 -0.3946226
vn 0.8828178 -0.4237475 -0.2026594
vn 0.9059667 -0.4233489 0
vn 0.1851247 -0.5615992 -0.8064336
vn 0.3603929 -0.5622721 -0.7442897
vn 0.5160986 -0.5626759 -0.6457849
vn 0.6457849 -0.562676 -0.5160986
vn 0.7442897 -0.5622721 -0.3603929
vn 0.8064336 -0.5615992 -0.1851247
vn 0.8277085 -0.5611583 0
vn 0.1708097 -0.6458917 -0.7440752
vn 0.3324658 -0.6465503 -0.6866143
vn 0.4760549 -0.6469454 -0.5956789
vn 0.5956789 -0.6469455 -0.4760548
vn 0.6866143 -0.6465503 -0.3324658
vn 0.7440753 -0.6458917 -0.1708097
vn 0.7637942 -0.6454599 0
vn 0.1647817 -0.6764515 -0.7178163
vn 0.3207102 -0.6770934 -0.6623363
vn 0.4592026 -0.6774784 -0.5745919
vn 0.5745919 -0.6774785 -0.4592025
vn 0.6623363 -0.6770935 -0.3207102
vn 0.7178163 -0.6764515 -0.1647817
vn 0.7368734 -0.6760306 0
vn 0.1772661 -0.61015 -0.7722005
vn 0.3450599 -0.6108202 -0.7126236
vn 0.4941115 -0.6112223 -0.6182727
vn 0.6182728 -0.6112224 -0.4941114
vn 0.7126236 -0.6108202 -0.3450598
vn 0.7722006 -0.61015 -0.1772662
vn 0.792624 -0.6097108 0
vn 0.2237401 0 -0.9746488
vn 0.4358085 0 -0.9000394
vn 0.6243046 0 -0.781181
vn 0.7811812 0 -0.6243045
vn 0.9000394 0 -0.4358085
vn 0.9746488 0 -0.2237401
vn 1 0 0
vn 0 -0.2307539 0.9730121
vn 0.2176886 -0.2310046 0.9482872
vn 0.4239815 -0.2313876 0.8756139
vn 0.6073278 -0.2316176 0.7599384
vn 0.7599384 -0.2316176 0.6073277
vn 0.8756138 -0.2313875 0.4239813
vn 0.9482872 -0.2310046 0.2176885
vn 0 -0.4233489 0.9059667
vn 0.2026594 -0.4237475 0.8828177
vn 0.3946226 -0.4243563 0.8149815
vn 0.5651979 -0.4247217 0.707222
vn 0.7072219 -0.4247217 0.5651978
vn 0.8149815 -0.4243562 0.3946226
vn 0.8828178 -0.4237475 0.2026594
vn 0 -0.5611583 0.8277085
vn 0.1851247 -0.5615992 0.8064336
vn 0.3603929 -0.5622721 0.7442897
vn 0.5160986 -0.5626759 0.6457849
vn 0.6457849 -0.562676 0.5160986
vn 0.7442897 -0.5622721 0.3603929
vn 0.8064336 -0.5615992 0.1851247
vn 0 -0.6454599 0.7637942
vn 0.1708097 -0.6458917 0.7440752
vn 0.3324658 -0.6465503 0.6866143
vn 0.4760549 -0.6469454 0.5956789
vn 0.5956789 -0.6469455 0.4760548
vn 0.6866143 -0.6465503 0.3324658
vn 0.7440753 -0.6458917 0.1708097
vn 0 -0.6760306 0.7368734
vn 0.1647817 -0.6764515 0.7178163
vn 0.3207102 -0.6770934 0.6623363
vn 0.4592026 -0.6774784 0.5745919
vn 0.5745919 -0.6774785 0.4592025
vn 0.6623363 -0.6770935 0.3207102
vn 0.7178163 -0.6764515 0.1647817
vn 0 -0.6097108 0.792624
vn 0.1772661 -0.61015 0.7722005
vn 0.3450599 -0.6108202 0.7126236
vn 0.4941115 -0.6112223 0.6182727
vn 0.6182728 -0.6112224 0.4941114
vn 0.7126236 -0.6108202 0.3450598
vn 0.7722006 -0.61015 0.1772662
vn 0 0 1
vn 0.2237401 0 0.9746488
vn 0.4358085 0 0.9000394
vn 0.6243046 0 0.781181
vn 0.7811812 0 0.6243045
vn 0.9000394 0 0.4358085
vn 0.9746488 0 0.2237401
vn -0.9482872 -0.2310046 0.2176886
vn -0.8756139 -0.2313876 0.4239815
vn -0.7599384 -0.2316176 0.6073278
vn -0.6073277 -0.2316176 0.7599384
vn -0.4239813 -0.2313875 0.8756138
vn -0.2176885 -0.2310046 0.9482872
vn -0.8828177 -0.4237475 0.2026594
vn -0.8149815 -0.4243563 0.3946226
vn -0.707222 -0.4247217 0.5651979
vn -0.5651978 -0.4247217 0.7072219
vn -0.3946226 -0.4243562 0.8149815
vn -0.2026594 -0.4237475 0.8828178
vn -0.8064336 -0.5615992 0.1851247
vn -0.7442897 -0.5622721 0.3603929
vn -0.6457849 -0.5626759 0.5160986
vn -0.5160986 -0.562676 0.6457849
vn -0.3603929 -0.5622721 0.7442897
vn -0.1851247 -0.5615992 0.8064336
vn -0.7440752 -0.6458917 0.1708097
vn -0.6866143 -0.6465503 0.3324658
vn -0.5956789 -0.6469454 0.4760549
vn -0.4760548 -0.6469455 0.5956789
vn -0.3324658 -0.6465503 0.6866143
vn -0.1708097 -0.6458917 0.7440753
vn -0.7178163 -0.6764515 0.1647817
vn -0.6623363 -0.6770934 0.3207102
vn -0.5745919 -0.6774784 0.4592026
vn -0.4592025 -0.6774785 0.5745919
vn -0.3207102 -0.6770935 0.6623363
vn -0.1647817 -0.6764515 0.7178163
vn -0.7722005 -0.61015 0.1772661
vn -0.7126236 -0.6108202 0.3450599
vn -0.6182727 -0.6112223 0.4941115
vn -0.4941114 -0.6112224 0.6182728
vn -0.3450598 -0.6108202 0.7126236
vn -0.1772662 -0.61015 0.7722006
vn -0.9746488 0 0.2237401
vn -0.9000394 0 0.4358085
vn -0.781181 0 0.6243046
vn -0.6243045 0 0.7811812
vn -0.4358085 0 0.9000394
vn -0.2237401 0 0.9746488

vt 0.125 1
vt 0.1417411 1
vt 0.1584821 1
vt 0.1752232 1
vt 0.1919643 1
vt 0.2087054 1
vt 0.2254464 1
vt 0.2421875 1
vt 0.125 0.9524156
vt 0.1417411 0.9523099
vt 0.1584821 0.9520178
vt 0.1752232 0.9515666
vt 0.1919643 0.9509912
vt 0.2087054 0.9503649
vt 0.2254464 0.9498316
vt 0.2421875 0.9496043
vt 0.125 0.9108704
vt 0.1417411 0.910655
vt 0.1584821 0.91006
vt 0.1752232 0.9091409
vt 0.1919643 0.9079687
vt 0.2087054 0.9066931
vt 0.2254464 0.9056067
vt 0.2421875 0.9051437
vt 0.125 0.874115
vt 0.1417411 0.8738094
vt 0.1584821 0.8729656
vt 0.1752232 0.8716621
vt 0.1919643 0.8699998
vt 0.2087054 0.8681907
vt 0.2254464 0.86665
vt 0.2421875 0.8659934
vt 0.125 0.8408996
vt 0.1417411 0.840547
vt 0.1584821 0.8395734
vt 0.1752232 0.8380694
vt 0.1919643 0.8361513
vt 0.2087054 0.8340639
vt 0.2254464 0.8322862
vt 0.2421875 0.8315285
vt 0.125 0.809975
vt 0.1417411 0.809642
vt 0.1584821 0.8087225
vt 0.1752232 0.807302
vt 0.1919643 0.8054905
vt 0.2087054 0.8035191
vt 0.2254464 0.8018401
vt 0.2421875 0.8011245
vt 0.125 0.7800916
vt 0.1417411 0.7798684
vt 0.1584821 0.7792517
vt 0.1752232 0.7782992
vt 0.1919643 0.7770844
vt 0.2087054 0.7757623
vt 0.2254464 0.7746364
vt 0.2421875 0.7741566
vt 0.125 0.75
vt 0.1417411 0.75
vt 0.1584821 0.75
vt 0.1752232 0.75
vt 0.1919643 0.75
vt 0.2087054 0.75
vt 0.2254464 0.75
vt 0.2421875 0.75
vt 0.1082589 1
vt 0.09151785 1
vt 0.07477678 1
vt 0.0580357 1
vt 0.04129463 1
vt 0.02455357 1
vt 0.0078125 1
vt 0.1082589 0.9523099
vt 0.09151785 0.9520178
vt 0.07477678 0.9515666
vt 0.0580357 0.9509912
vt 0.04129463 0.9503649
vt 0.02455357 0.9498316
vt 0.0078125 0.9496043
vt 0.1082589 0.910655
vt 0.09151785 0.91006
vt 0.07477678 0.9091409
vt 0.0580357 0.9079687
vt 0.04129463 0.9066931
vt 0.02455357 0.9056067
vt 0.0078125 0.9051437
vt 0.1082589 0.8738094
vt 0.09151785 0.8729656
vt 0.07477678 0.8716621
vt 0.0580357 0.8699998
vt 0.04129463 0.8681907
vt 0.02455357 0.86665
vt 0.0078125 0.8659934
vt 0.1082589 0.840547
vt 0.09151785 0.8395734
vt 0.07477678 0.8380694
vt 0.0580357 0.8361513
vt 0.04129463 0.8340639
vt 0.02455357 0.8322862
vt 0.0078125 0.8315285
vt 0.1082589 0.809642
vt 0.09151785 0.8087225
vt 0.07477678 0.807302
vt 0.0580357 0.8054905
vt 0.04129463 0.8035191
vt 0.02455357 0.8018401
vt 0.0078125 0.8011245
vt 0.1082589 0.7798684
vt 0.09151785 0.7792517
vt 0.07477678 0.7782992
vt 0.0580357 0.7770844
vt 0.04129463 0.7757623
vt 0.02455357 0.7746364
vt 0.0078125 0.7741566
vt 0.1082589 0.75
vt 0.09151785 0.75
vt 0.07477678 0.75
vt 0.0580357 0.75
vt 0.04129463 0.75
vt 0.02455357 0.75
vt 0.0078125 0.75
vt 0.125 0.7214842
vt 0.1417411 0.7217112
vt 0.1584821 0.7223369
vt 0.1752232 0.7232976
vt 0.1919643 0.7245076
vt 0.2087054 0.7257985
vt 0.2254464 0.7268734
vt 0.2421875 0.7273241
vt 0.125 0.6919467
vt 0.1417411 0.6922413
vt 0.1584821 0.6930512
vt 0.1752232 0.6942893
vt 0.1919643 0.6958408
vt 0.2087054 0.6974886
vt 0.2254464 0.6988556
vt 0.2421875 0.6994277
vt 0.125 0.6610608
vt 0.1417411 0.6613139
vt 0.1584821 0.6620063
vt 0.1752232 0.6630564
vt 0.1919643 0.6643602
vt 0.2087054 0.6657328
vt 0.2254464 0.6668639
vt 0.2421875 0.6673355
vt 0.125 0.6284999
vt 0.1417411 0.6286525
vt 0.1584821 0.6290653
vt 0.1752232 0.6296797
vt 0.1919643 0.6304256
vt 0.2087054 0.6311936
vt 0.2254464 0.6318153
vt 0.2421875 0.6320719
vt 0.125 0.5939372
vt 0.1417411 0.5939806
vt 0.1584821 0.5940918
vt 0.1752232 0.5942407
vt 0.1919643 0.5943972
vt 0.2087054 0.5945334
vt 0.2254464 0.594627
vt 0.2421875 0.5946618
vt 0.125 0.5570461
vt 0.1417411 0.557022
vt 0.1584821 0.5569489
vt 0.1752232 0.5568204
vt 0.1919643 0.5566353
vt 0.2087054 0.5564147
vt 0.2254464 0.5562162
vt 0.2421875 0.5561296
vt 0.125 0.5175
vt 0.1417411 0.5175
vt 0.1584821 0.5175
vt 0.1752232 0.5175
vt 0.1919643 0.5175
vt 0.2087054 0.5175
vt 0.2254464 0.5175
vt 0.2421875 0.5175
vt 0.1082589 0.7217112
vt 0.09151785 0.7223369
vt 0.07477678 0.7232976
vt 0.0580357 0.7245076
vt 0.04129463 0.7257985
vt 0.02455357 0.7268734
vt 0.0078125 0.7273241
vt 0.1082589 0.6922413
vt 0.09151785 0.6930512
vt 0.07477678 0.6942893
vt 0.0580357 0.6958408
vt 0.04129463 0.6974886
vt 0.02455357 0.6988556
vt 0.0078125 0.6994277
vt 0.1082589 0.6613139
vt 0.09151785 0.6620063
vt 0.07477678 0.6630564
vt 0.0580357 0.6643602
vt 0.04129463 0.6657328
vt 0.02455357 0.6668639
vt 0.0078125 0.6673355
vt 0.1082589 0.6286525
vt 0.09151785 0.6290653
vt 0.07477678 0.6296797
vt 0.0580357 0.6304256
vt 0.04129463 0.6311936
vt 0.02455357 0.6318153
vt 0.0078125 0.6320719
vt 0.1082589 0.5939806
vt 0.09151785 0.5940918
vt 0.07477678 0.5942407
vt 0.0580357 0.5943972
vt 0.04129463 0.5945334
vt 0.02455357 0.594627
vt 0.0078125 0.5946618
vt 0.1082589 0.557022
vt 0.09151785 0.5569489
vt 0.07477678 0.5568204
vt 0.0580357 0.5566353
vt 0.04129463 0.5564147
vt 0.02455357 0.5562162
vt 0.0078125 0.5561296
vt 0.1082589 0.5175
vt 0.09151785 0.5175
vt 0.07477678 0.5175
vt 0.0580357 0.5175
vt 0.04129463 0.5175
vt 0.02455357 0.5175
vt 0.0078125 0.5175
vt 0.75 1
vt 0.7678571 1
vt 0.7857143 1
vt 0.8035714 1
vt 0.8214286 1
vt 0.8392857 1
vt 0.8571429 1
vt 0.875 1
vt 0.75 0.988576
vt 0.7678571 0.9883714
vt 0.7857143 0.987865
vt 0.8035714 0.9873
vt 0.8214286 0.9868786
vt 0.8392857 0.9866503
vt 0.8571429 0.986541
vt 0.875 0.9864953
vt 0.75 0.9778617
vt 0.7678571 0.9776115
vt 0.7857143 0.9769989
vt 0.8035714 0.9763136
vt 0.8214286 0.9757904
vt 0.8392857 0.9754919
vt 0.8571429 0.9753418
vt 0.875 0.9752815
vt 0.75 0.9675732
vt 0.7678571 0.967382
vt 0.7857143 0.9669247
vt 0.8035714 0.9664098
vt 0.8214286 0.965997
vt 0.8392857 0.9657371
vt 0.8571429 0.9655954
vt 0.875 0.9655422
vt 0.75 0.9574267
vt 0.7678571 0.9573444
vt 0.7857143 0.9571649
vt 0.8035714 0.9569576
vt 0.8214286 0.9567598
vt 0.8392857 0.9565982
vt 0.8571429 0.9564949
vt 0.875 0.9564608
vt 0.75 0.9471383
vt 0.7678571 0.9471604
vt 0.7857143 0.9472423
vt 0.8035714 0.9473259
vt 0.8214286 0.9473403
vt 0.8392857 0.9472874
vt 0.8571429 0.9472335
vt 0.875 0.947221
vt 0.75 0.936424
vt 0.7678571 0.9364917
vt 0.7857143 0.9366798
vt 0.8035714 0.9368837
vt 0.8214286 0.9369999
vt 0.8392857 0.9370173
vt 0.8571429 0.9370041
vt 0.875 0.9370062
vt 0.75 0.925
vt 0.7678571 0.925
vt 0.7857143 0.925
vt 0.8035714 0.925
vt 0.8214286 0.925
vt 0.8392857 0.925
vt 0.8571429 0.925
vt 0.875 0.925
vt 1 1
vt 0.9821429 1
vt 0.9642857 1
vt 0.9464286 1
vt 0.9285714 1
vt 0.9107143 1
vt 0.8928571 1
vt 1 0.988576
vt 0.9821429 0.9883714
vt 0.9642857 0.987865
vt 0.9464286 0.9873
vt 0.9285714 0.9868786
vt 0.9107143 0.9866503
vt 0.8928571 0.986541
vt 1 0.9778617
vt 0.9821429 0.9776115
vt 0.9642857 0.9769989
vt 0.9464286 0.9763136
vt 0.9285714 0.9757904
vt 0.9107143 0.9754919
vt 0.8928571 0.9753418
vt 1 0.9675732
vt 0.9821429 0.967382
vt 0.9642857 0.9669247
vt 0.9464286 0.9664098
vt 0.9285714 0.965997
vt 0.9107143 0.9657371
vt 0.8928571 0.9655954
vt 1 0.9574267
vt 0.9821429 0.9573444
vt 0.9642857 0.9571649
vt 0.9464286 0.9569576
vt 0.9285714 0.9567598
vt 0.9107143 0.9565982
vt 0.8928571 0.9564949
vt 1 0.9471383
vt 0.9821429 0.9471604
vt 0.9642857 0.9472423
vt 0.9464286 0.9473259
vt 0.9285714 0.9473403
vt 0.9107143 0.9472874
vt 0.8928571 0.9472335
vt 1 0.936424
vt 0.9821429 0.9364917
vt 0.9642857 0.9366798
vt 0.9464286 0.9368837
vt 0.9285714 0.9369999
vt 0.9107143 0.9370173
vt 0.8928571 0.9370041
vt 1 0.925
vt 0.9821429 0.925
vt 0.9642857 0.925
vt 0.9464286 0.925
vt 0.9285714 0.925
vt 0.9107143 0.925
vt 0.8928571 0.925
vt 0.75 0.8798735
vt 0.7678571 0.879838
vt 0.7857143 0.879616
vt 0.8035714 0.8791957
vt 0.8214286 0.878704
vt 0.8392857 0.8782622
vt 0.8571429 0.8779483
vt 0.875 0.8778255
vt 0.75 0.8280374
vt 0.7678571 0.8277891
vt 0.7857143 0.8271062
vt 0.8035714 0.8261898
vt 0.8214286 0.8252753
vt 0.8392857 0.8245223
vt 0.8571429 0.824017
vt 0.875 0.8238277
vt 0.75 0.7707793
vt 0.7678571 0.7702542
vt 0.7857143 0.7690595
vt 0.8035714 0.7677006
vt 0.8214286 0.7664893
vt 0.8392857 0.7655657
vt 0.8571429 0.7649809
vt 0.875 0.7647719
vt 0.75 0.7093869
vt 0.7678571 0.7086347
vt 0.7857143 0.7070647
vt 0.8035714 0.7054466
vt 0.8214286 0.7041214
vt 0.8392857 0.7031779
vt 0.8571429 0.7026146
vt 0.875 0.7024239
vt 0.75 0.645148
vt 0.7678571 0.6443319
vt 0.7857143 0.6427109
vt 0.8035714 0.6411465
vt 0.8214286 0.6399471
vt 0.8392857 0.6391442
vt 0.8571429 0.6386928
vt 0.875 0.6385491
vt 0.75 0.5793502
vt 0.7678571 0.578747
vt 0.7857143 0.5775868
vt 0.8035714 0.5765185
vt 0.8214286 0.5757419
vt 0.8392857 0.5752503
vt 0.8571429 0.5749901
vt 0.875 0.574913
vt 0.75 0.5132812
vt 0.7678571 0.5132812
vt 0.7857143 0.5132812
vt 0.8035714 0.5132812
vt 0.8214286 0.5132812
vt 0.8392857 0.5132812
vt 0.8571429 0.5132812
vt 0.875 0.5132812
vt 1 0.8798735
vt 0.9821429 0.879838
vt 0.9642857 0.879616
vt 0.9464286 0.8791957
vt 0.9285714 0.878704
vt 0.9107143 0.8782622
vt 0.8928571 0.8779483
vt 1 0.8280374
vt 0.9821429 0.8277891
vt 0.9642857 0.8271062
vt 0.9464286 0.8261898
vt 0.9285714 0.8252753
vt 0.9107143 0.8245223
vt 0.8928571 0.824017
vt 1 0.7707793
vt 0.9821429 0.7702542
vt 0.9642857 0.7690595
vt 0.9464286 0.7677006
vt 0.9285714 0.7664893
vt 0.9107143 0.7655657
vt 0.8928571 0.7649809
vt 1 0.7093869
vt 0.9821429 0.7086347
vt 0.9642857 0.7070647
vt 0.9464286 0.7054466
vt 0.9285714 0.7041214
vt 0.9107143 0.7031779
vt 0.8928571 0.7026146
vt 1 0.645148
vt 0.9821429 0.6443319
vt 0.9642857 0.6427109
vt 0.9464286 0.6411465
vt 0.9285714 0.6399471
vt 0.9107143 0.6391442
vt 0.8928571 0.6386928
vt 1 0.5793502
vt 0.9821429 0.578747
vt 0.9642857 0.5775868
vt 0.9464286 0.5765185
vt 0.9285714 0.5757419
vt 0.9107143 0.5752503
vt 0.8928571 0.5749901
vt 1 0.5132812
vt 0.9821429 0.5132812
vt 0.9642857 0.5132812
vt 0.9464286 0.5132812
vt 0.9285714 0.5132812
vt 0.9107143 0.5132812
vt 0.8928571 0.5132812
vt 0.375 0.75
vt 0.375 0.7089182
vt 0.3795718 0.7099395
vt 0.3839174 0.7129658
vt 0.387817 0.717856
vt 0.391072 0.7243661
vt 0.3935171 0.7321653
vt 0.3950302 0.7408565
vt 0.3955409 0.75
vt 0.375 0.6679298
vt 0.3841328 0.6699733
vt 0.3928126 0.6760234
vt 0.4006012 0.6857942
vt 0.4071029 0.6987976
vt 0.4119883 0.7143748
vt 0.4150134 0.7317344
vt 0.4160351 0.75
vt 0.375 0.6284987
vt 0.3885202 0.6315283
vt 0.4013683 0.6404912
vt 0.4128965 0.6549585
vt 0.4225208 0.6742069
vt 0.4297544 0.6972634
vt 0.4342359 0.7229596
vt 0.4357506 0.75
vt 0.375 0.5920888
vt 0.3925712 0.5960315
vt 0.409267 0.6076877
vt 0.4242468 0.626493
vt 0.4367535 0.6515064
vt 0.4461561 0.681466
vt 0.4519842 0.7148578
vt 0.4539556 0.75
vt 0.375 0.5601639
vt 0.3961228 0.5649101
vt 0.4161911 0.5789316
vt 0.4341958 0.6015417
vt 0.4492292 0.6316084
vt 0.4605342 0.6676179
vt 0.4675449 0.7077545
vt 0.4699181 0.75
vt 0.375 0.534188
vt 0.3990122 0.5395911
vt 0.4218232 0.5555413
vt 0.4422873 0.5812488
vt 0.4593756 0.6154254
vt 0.4722293 0.6563537
vt 0.4802045 0.7019756
vt 0.482906 0.75
vt 0.375 0.515625
vt 0.4010767 0.5215013
vt 0.4258458 0.5388354
vt 0.4480652 0.5667583
vt 0.4666209 0.6038696
vt 0.4805823 0.6483085
vt 0.4892494 0.6978467
vt 0.4921875 0.75
vt 0.3950303 0.7591435
vt 0.3935171 0.7678347
vt 0.391072 0.7756339
vt 0.387817 0.782144
vt 0.3839174 0.7870342
vt 0.3795718 0.7900605
vt 0.375 0.7910818
vt 0.4150134 0.7682656
vt 0.4119883 0.7856253
vt 0.4071029 0.8012024
vt 0.4006012 0.8142058
vt 0.3928126 0.8239766
vt 0.3841328 0.8300267
vt 0.375 0.8320702
vt 0.4342359 0.7770404
vt 0.4297544 0.8027367
vt 0.4225208 0.8257931
vt 0.4128965 0.8450415
vt 0.4013683 0.8595088
vt 0.3885202 0.8684717
vt 0.375 0.8715013
vt 0.4519842 0.7851423
vt 0.4461561 0.818534
vt 0.4367535 0.8484936
vt 0.4242468 0.8735071
vt 0.4092669 0.8923123
vt 0.3925711 0.9039685
vt 0.375 0.9079112
vt 0.4675449 0.7922455
vt 0.4605342 0.8323822
vt 0.4492292 0.8683916
vt 0.4341958 0.8984584
vt 0.4161911 0.9210684
vt 0.3961228 0.9350899
vt 0.375 0.9398361
vt 0.4802045 0.7980245
vt 0.4722293 0.8436464
vt 0.4593756 0.8845747
vt 0.4422873 0.9187512
vt 0.4218231 0.9444587
vt 0.3990122 0.960409
vt 0.375 0.965812
vt 0.4892493 0.8021533
vt 0.4805823 0.8516915
vt 0.4666209 0.8961304
vt 0.4480652 0.9332418
vt 0.4258457 0.9611646
vt 0.4010766 0.9784988
vt 0.375 0.984375
vt 0.3544591 0.75
vt 0.3549697 0.7591435
vt 0.3564829 0.7678347
vt 0.358928 0.7756339
vt 0.362183 0.782144
vt 0.3660826 0.7870342
vt 0.3704282 0.7900605
vt 0.3339649 0.75
vt 0.3349866 0.7682656
vt 0.3380117 0.7856253
vt 0.3428971 0.8012024
vt 0.3493988 0.8142058
vt 0.3571874 0.8239766
vt 0.3658672 0.8300267
vt 0.3142494 0.75
vt 0.3157641 0.7770404
vt 0.3202456 0.8027367
vt 0.3274792 0.8257931
vt 0.3371035 0.8450415
vt 0.3486317 0.8595088
vt 0.3614798 0.8684717
vt 0.2960444 0.75
vt 0.2980158 0.7851423
vt 0.3038439 0.818534
vt 0.3132465 0.8484936
vt 0.3257532 0.8735071
vt 0.3407331 0.8923123
vt 0.3574289 0.9039685
vt 0.2800819 0.75
vt 0.2824551 0.7922455
vt 0.2894658 0.8323822
vt 0.3007708 0.8683916
vt 0.3158042 0.8984584
vt 0.3338089 0.9210684
vt 0.3538772 0.9350899
vt 0.267094 0.75
vt 0.2697955 0.7980245
vt 0.2777707 0.8436464
vt 0.2906244 0.8845747
vt 0.3077127 0.9187512
vt 0.3281769 0.9444587
vt 0.3509878 0.960409
vt 0.2578125 0.75
vt 0.2607507 0.8021533
vt 0.2694177 0.8516915
vt 0.2833791 0.8961304
vt 0.3019348 0.9332418
vt 0.3241543 0.9611646
vt 0.3489234 0.9784988
vt 0.3704282 0.7099395
vt 0.3660826 0.7129658
vt 0.362183 0.717856
vt 0.358928 0.7243661
vt 0.3564829 0.7321653
vt 0.3549698 0.7408565
vt 0.3658672 0.6699733
vt 0.3571874 0.6760234
vt 0.3493988 0.6857942
vt 0.3428971 0.6987976
vt 0.3380117 0.7143748
vt 0.3349866 0.7317344
vt 0.3614798 0.6315283
vt 0.3486317 0.6404912
vt 0.3371035 0.6549585
vt 0.3274792 0.6742069
vt 0.3202456 0.6972634
vt 0.3157641 0.7229596
vt 0.3574288 0.5960315
vt 0.340733 0.6076877
vt 0.3257532 0.626493
vt 0.3132465 0.6515064
vt 0.3038439 0.681466
vt 0.2980158 0.7148578
vt 0.3538772 0.5649101
vt 0.3338089 0.5789316
vt 0.3158042 0.6015417
vt 0.3007708 0.6316084
vt 0.2894658 0.6676179
vt 0.2824551 0.7077545
vt 0.3509878 0.5395911
vt 0.3281768 0.5555413
vt 0.3077127 0.5812488
vt 0.2906244 0.6154254
vt 0.2777707 0.6563537
vt 0.2697955 0.7019756
vt 0.3489233 0.5215013
vt 0.3241542 0.5388354
vt 0.3019348 0.5667583
vt 0.2833791 0.6038696
vt 0.2694177 0.6483085
vt 0.2607506 0.6978467
vt 0.625 0.7139423
vt 0.6290118 0.7148464
vt 0.6328225 0.7175131
vt 0.6362408 0.721809
vt 0.6390955 0.7275184
vt 0.6412435 0.7343552
vt 0.6425768 0.7419764
vt 0.6430289 0.75
vt 0.625 0.6916899
vt 0.6314873 0.6931543
vt 0.6376486 0.6974699
vt 0.6431753 0.7044178
vt 0.6477911 0.7136494
vt 0.651265 0.7247028
vt 0.6534229 0.7370254
vt 0.6541551 0.75
vt 0.625 0.6619041
vt 0.6348015 0.6641136
vt 0.6441113 0.6706302
vt 0.6524626 0.681126
vt 0.659437 0.6950748
vt 0.664685 0.7117775
vt 0.6679432 0.730397
vt 0.669048 0.75
vt 0.625 0.6278892
vt 0.6385865 0.6309479
vt 0.6514925 0.6399754
vt 0.6630705 0.6545222
vt 0.6727389 0.673859
vt 0.6800123 0.6970149
vt 0.6845261 0.7228272
vt 0.6860554 0.75
vt 0.625 0.5929495
vt 0.6424743 0.5968803
vt 0.6590745 0.608487
vt 0.6739669 0.6271949
vt 0.6864026 0.6520662
vt 0.6957565 0.6818509
vt 0.7015598 0.7150515
vt 0.7035252 0.75
vt 0.625 0.5603893
vt 0.6460972 0.5651345
vt 0.6661394 0.5791466
vt 0.6841196 0.6017329
vt 0.6991336 0.6317608
vt 0.7104267 0.6677213
vt 0.7174328 0.7078057
vt 0.7198054 0.75
vt 0.625 0.5335131
vt 0.6490873 0.5389336
vt 0.6719691 0.5549356
vt 0.6924964 0.5807244
vt 0.7096378 0.6150072
vt 0.7225323 0.6560619
vt 0.7305332 0.7018255
vt 0.7332435 0.75
vt 0.625 0.515625
vt 0.6510767 0.5215013
vt 0.6758457 0.5388354
vt 0.6980652 0.5667583
vt 0.7166209 0.6038696
vt 0.7305823 0.6483085
vt 0.7392493 0.6978467
vt 0.7421875 0.75
vt 0.6425768 0.7580236
vt 0.6412435 0.7656448
vt 0.6390955 0.7724816
vt 0.6362408 0.778191
vt 0.6328224 0.7824869
vt 0.6290118 0.7851536
vt 0.625 0.7860577
vt 0.6534228 0.7629747
vt 0.651265 0.7752972
vt 0.6477911 0.7863506
vt 0.6431753 0.7955822
vt 0.6376486 0.8025301
vt 0.6314873 0.8068457
vt 0.625 0.8083101
vt 0.6679432 0.769603
vt 0.6646849 0.7882226
vt 0.659437 0.8049252
vt 0.6524626 0.818874
vt 0.6441112 0.8293698
vt 0.6348015 0.8358864
vt 0.625 0.8380959
vt 0.684526 0.7771729
vt 0.6800123 0.8029851
vt 0.6727389 0.826141
vt 0.6630705 0.8454778
vt 0.6514925 0.8600247
vt 0.6385864 0.8690522
vt 0.625 0.8721108
vt 0.7015598 0.7849486
vt 0.6957565 0.8181491
vt 0.6864025 0.8479338
vt 0.6739669 0.8728051
vt 0.6590745 0.891513
vt 0.6424742 0.9031197
vt 0.625 0.9070505
vt 0.7174327 0.7921944
vt 0.7104267 0.8322787
vt 0.6991336 0.8682392
vt 0.6841196 0.8982672
vt 0.6661393 0.9208535
vt 0.6460971 0.9348656
vt 0.625 0.9396107
vt 0.7305332 0.7981745
vt 0.7225322 0.8439381
vt 0.7096378 0.8849928
vt 0.6924964 0.9192756
vt 0.671969 0.9450645
vt 0.6490872 0.9610664
vt 0.625 0.9664869
vt 0.7392493 0.8021533
vt 0.7305823 0.8516915
vt 0.7166209 0.8961304
vt 0.6980652 0.9332418
vt 0.6758457 0.9611646
vt 0.6510766 0.9784988
vt 0.625 0.984375
vt 0.6069711 0.75
vt 0.6074232 0.7580236
vt 0.6087565 0.7656448
vt 0.6109045 0.7724816
vt 0.6137592 0.778191
vt 0.6171776 0.7824869
vt 0.6209882 0.7851536
vt 0.5958449 0.75
vt 0.5965772 0.7629747
vt 0.598735 0.7752972
vt 0.6022089 0.7863506
vt 0.6068247 0.7955822
vt 0.6123514 0.8025301
vt 0.6185127 0.8068457
vt 0.580952 0.75
vt 0.5820568 0.769603
vt 0.5853151 0.7882226
vt 0.590563 0.8049252
vt 0.5975374 0.818874
vt 0.6058888 0.8293698
vt 0.6151985 0.8358864
vt 0.5639446 0.75
vt 0.565474 0.7771729
vt 0.5699877 0.8029851
vt 0.5772611 0.826141
vt 0.5869295 0.8454778
vt 0.5985075 0.8600247
vt 0.6114136 0.8690522
vt 0.5464748 0.75
vt 0.5484402 0.7849486
vt 0.5542435 0.8181491
vt 0.5635975 0.8479338
vt 0.5760331 0.8728051
vt 0.5909255 0.891513
vt 0.6075258 0.9031197
vt 0.5301946 0.75
vt 0.5325673 0.7921944
vt 0.5395733 0.8322787
vt 0.5508664 0.8682392
vt 0.5658804 0.8982672
vt 0.5838607 0.9208535
vt 0.6039029 0.9348656
vt 0.5167565 0.75
vt 0.5194668 0.7981745
vt 0.5274678 0.8439381
vt 0.5403622 0.8849928
vt 0.5575036 0.9192756
vt 0.578031 0.9450645
vt 0.6009128 0.9610664
vt 0.5078125 0.75
vt 0.5107507 0.8021533
vt 0.5194177 0.8516915
vt 0.5333791 0.8961304
vt 0.5519348 0.9332418
vt 0.5741543 0.9611646
vt 0.5989234 0.9784988
vt 0.6209882 0.7148464
vt 0.6171775 0.7175131
vt 0.6137592 0.721809
vt 0.6109045 0.7275184
vt 0.6087565 0.7343552
vt 0.6074232 0.7419764
vt 0.6185127 0.6931543
vt 0.6123514 0.6974699
vt 0.6068247 0.7044178
vt 0.6022089 0.7136494
vt 0.598735 0.7247028
vt 0.5965771 0.7370254
vt 0.6151985 0.6641136
vt 0.6058887 0.6706302
vt 0.5975374 0.681126
vt 0.590563 0.6950748
vt 0.585315 0.7117775
vt 0.5820568 0.730397
vt 0.6114135 0.6309479
vt 0.5985075 0.6399754
vt 0.5869295 0.6545222
vt 0.5772611 0.673859
vt 0.5699877 0.6970149
vt 0.5654739 0.7228272
vt 0.6075257 0.5968803
vt 0.5909255 0.608487
vt 0.5760331 0.6271949
vt 0.5635974 0.6520662
vt 0.5542435 0.6818509
vt 0.5484402 0.7150515
vt 0.6039028 0.5651345
vt 0.5838606 0.5791466
vt 0.5658804 0.6017329
vt 0.5508664 0.6317608
vt 0.5395733 0.6677213
vt 0.5325672 0.7078057
vt 0.6009127 0.5389336
vt 0.5780309 0.5549356
vt 0.5575036 0.5807244
vt 0.5403622 0.6150072
vt 0.5274677 0.6560619
vt 0.5194668 0.7018255
vt 0.5989233 0.5215013
vt 0.5741543 0.5388354
vt 0.5519348 0.5667583
vt 0.5333791 0.6038696
vt 0.5194177 0.6483085
vt 0.5107507 0.6978467
vt 0 0.5
vt 0.03571429 0.5
vt 0.07142857 0.5
vt 0.1071429 0.5
vt 0.1428571 0.5
vt 0.1785714 0.5
vt 0.2142857 0.5
vt 0.25 0.5
vt 0 0.4933316
vt 0.03571429 0.4933325
vt 0.07142857 0.4933339
vt 0.1071429 0.4933348
vt 0.1428571 0.4933348
vt 0.1785714 0.4933339
vt 0.2142857 0.4933325
vt 0.25 0.4933316
vt 0 0.4873316
vt 0.03571429 0.4873325
vt 0.07142857 0.487334
vt 0.1071429 0.4873348
vt 0.1428571 0.4873348
vt 0.1785714 0.487334
vt 0.2142857 0.4873325
vt 0.25 0.4873316
vt 0 0.4817326
vt 0.03571429 0.481733
vt 0.07142857 0.4817336
vt 0.1071429 0.4817339
vt 0.1428571 0.4817339
vt 0.1785714 0.4817336
vt 0.2142857 0.481733
vt 0.25 0.4817326
vt 0 0.4762674
vt 0.03571429 0.476267
vt 0.07142857 0.4762664
vt 0.1071429 0.4762661
vt 0.1428571 0.4762661
vt 0.1785714 0.4762664
vt 0.2142857 0.476267
vt 0.25 0.4762674
vt 0 0.4706684
vt 0.03571429 0.4706675
vt 0.07142857 0.4706661
vt 0.1071429 0.4706652
vt 0.1428571 0.4706652
vt 0.1785714 0.4706661
vt 0.2142857 0.4706675
vt 0.25 0.4706684
vt 0 0.4646685
vt 0.03571429 0.4646675
vt 0.07142857 0.4646661
vt 0.1071429 0.4646652
vt 0.1428571 0.4646652
vt 0.1785714 0.4646661
vt 0.2142857 0.4646675
vt 0.25 0.4646685
vt 0 0.458
vt 0.03571429 0.458
vt 0.07142857 0.458
vt 0.1071429 0.458
vt 0.1428571 0.458
vt 0.1785714 0.458
vt 0.2142857 0.458
vt 0.25 0.458
vt 0.2857143 0.5
vt 0.3214286 0.5
vt 0.3571429 0.5
vt 0.3928571 0.5
vt 0.4285714 0.5
vt 0.4642857 0.5
vt 0.5 0.5
vt 0.2857143 0.4933325
vt 0.3214286 0.4933339
vt 0.3571429 0.4933348
vt 0.3928571 0.4933348
vt 0.4285714 0.4933339
vt 0.4642857 0.4933325
vt 0.5 0.4933316
vt 0.2857143 0.4873325
vt 0.3214286 0.487334
vt 0.3571429 0.4873348
vt 0.3928571 0.4873348
vt 0.4285714 0.487334
vt 0.4642857 0.4873325
vt 0.5 0.4873316
vt 0.2857143 0.481733
vt 0.3214286 0.4817336
vt 0.3571429 0.4817339
vt 0.3928571 0.4817339
vt 0.4285714 0.4817336
vt 0.4642857 0.481733
vt 0.5 0.4817326
vt 0.2857143 0.476267
vt 0.3214286 0.4762664
vt 0.3571429 0.4762661
vt 0.3928571 0.4762661
vt 0.4285714 0.4762664
vt 0.4642857 0.476267
vt 0.5 0.4762674
vt 0.2857143 0.4706675
vt 0.3214286 0.4706661
vt 0.3571429 0.4706652
vt 0.3928571 0.4706652
vt 0.4285714 0.4706661
vt 0.4642857 0.4706675
vt 0.5 0.4706684
vt 0.2857143 0.4646675
vt 0.3214286 0.4646661
vt 0.3571429 0.4646652
vt 0.3928571 0.4646652
vt 0.4285714 0.4646661
vt 0.4642857 0.4646675
vt 0.5 0.4646685
vt 0.2857143 0.458
vt 0.3214286 0.458
vt 0.3571429 0.458
vt 0.3928571 0.458
vt 0.4285714 0.458
vt 0.4642857 0.458
vt 0.5 0.458
vt 0.75 0.5
vt 0.7142857 0.5
vt 0.6785715 0.5
vt 0.6428571 0.5
vt 0.6071429 0.5
vt 0.5714285 0.5
vt 0.5357143 0.5
vt 0.75 0.4933316
vt 0.7142857 0.4933325
vt 0.6785715 0.4933339
vt 0.6428571 0.4933348
vt 0.6071429 0.4933348
vt 0.5714285 0.4933339
vt 0.5357143 0.4933325
vt 0.75 0.4873316
vt 0.7142857 0.4873325
vt 0.6785715 0.487334
vt 0.6428571 0.4873348
vt 0.6071429 0.4873348
vt 0.5714285 0.487334
vt 0.5357143 0.4873325
vt 0.75 0.4817326
vt 0.7142857 0.481733
vt 0.6785715 0.4817336
vt 0.6428571 0.4817339
vt 0.6071429 0.4817339
vt 0.5714285 0.4817336
vt 0.5357143 0.481733
vt 0.75 0.4762674
vt 0.7142857 0.476267
vt 0.6785715 0.4762664
vt 0.6428571 0.4762661
vt 0.6071429 0.4762661
vt 0.5714285 0.4762664
vt 0.5357143 0.476267
vt 0.75 0.4706684
vt 0.7142857 0.4706675
vt 0.6785715 0.4706661
vt 0.6428571 0.4706652
vt 0.6071429 0.4706652
vt 0.5714285 0.4706661
vt 0.5357143 0.4706675
vt 0.75 0.4646685
vt 0.7142857 0.4646675
vt 0.6785715 0.4646661
vt 0.6428571 0.4646652
vt 0.6071429 0.4646652
vt 0.5714285 0.4646661
vt 0.5357143 0.4646675
vt 0.75 0.458
vt 0.7142857 0.458
vt 0.6785715 0.458
vt 0.6428571 0.458
vt 0.6071429 0.458
vt 0.5714285 0.458
vt 0.5357143 0.458
vt 1 0.5
vt 0.9642857 0.5
vt 0.9285714 0.5
vt 0.8928571 0.5
vt 0.8571429 0.5
vt 0.8214285 0.5
vt 0.7857143 0.5
vt 1 0.4933316
vt 0.9642857 0.4933325
vt 0.9285714 0.4933339
vt 0.8928571 0.4933348
vt 0.8571429 0.4933348
vt 0.8214285 0.4933339
vt 0.7857143 0.4933325
vt 1 0.4873316
vt 0.9642857 0.4873325
vt 0.9285714 0.487334
vt 0.8928571 0.4873348
vt 0.8571429 0.4873348
vt 0.8214285 0.487334
vt 0.7857143 0.4873325
vt 1 0.4817326
vt 0.9642857 0.481733
vt 0.9285714 0.4817336
vt 0.8928571 0.4817339
vt 0.8571429 0.4817339
vt 0.8214285 0.4817336
vt 0.7857143 0.481733
vt 1 0.4762674
vt 0.9642857 0.476267
vt 0.9285714 0.4762664
vt 0.8928571 0.4762661
vt 0.8571429 0.4762661
vt 0.8214285 0.4762664
vt 0.7857143 0.476267
vt 1 0.4706684
vt 0.9642857 0.4706675
vt 0.9285714 0.4706661
vt 0.8928571 0.4706652
vt 0.8571429 0.4706652
vt 0.8214285 0.4706661
vt 0.7857143 0.4706675
vt 1 0.4646685
vt 0.9642857 0.4646675
vt 0.9285714 0.4646661
vt 0.8928571 0.4646652
vt 0.8571429 0.4646652
vt 0.8214285 0.4646661
vt 0.7857143 0.4646675
vt 1 0.458
vt 0.9642857 0.458
vt 0.9285714 0.458
vt 0.8928571 0.458
vt 0.8571429 0.458
vt 0.8214285 0.458
vt 0.7857143 0.458
vt 0 0.4291835
vt 0.03571429 0.4291825
vt 0.07142857 0.4291809
vt 0.1071429 0.4291799
vt 0.1428571 0.4291799
vt 0.1785714 0.4291809
vt 0.2142857 0.4291825
vt 0.25 0.4291835
vt 0 0.4005941
vt 0.03571429 0.4005921
vt 0.07142857 0.4005891
vt 0.1071429 0.4005873
vt 0.1428571 0.4005873
vt 0.1785714 0.4005891
vt 0.2142857 0.4005921
vt 0.25 0.4005941
vt 0 0.3724589
vt 0.03571429 0.3724561
vt 0.07142857 0.3724521
vt 0.1071429 0.3724498
vt 0.1428571 0.3724498
vt 0.1785714 0.3724521
vt 0.2142857 0.3724561
vt 0.25 0.3724589
vt 0 0.3450047
vt 0.03571429 0.3450018
vt 0.07142857 0.3449973
vt 0.1071429 0.3449947
vt 0.1428571 0.3449947
vt 0.1785714 0.3449973
vt 0.2142857 0.3450018
vt 0.25 0.3450047
vt 0 0.3184589
vt 0.03571429 0.3184562
vt 0.07142857 0.3184521
vt 0.1071429 0.3184497
vt 0.1428571 0.3184497
vt 0.1785714 0.3184521
vt 0.2142857 0.3184562
vt 0.25 0.3184589
vt 0 0.2930483
vt 0.03571429 0.2930465
vt 0.07142857 0.2930439
vt 0.1071429 0.2930423
vt 0.1428571 0.2930424
vt 0.1785714 0.2930439
vt 0.2142857 0.2930465
vt 0.25 0.2930483
vt 0 0.269
vt 0.03571429 0.269
vt 0.07142857 0.269
vt 0.1071429 0.269
vt 0.1428571 0.269
vt 0.1785714 0.269
vt 0.2142857 0.269
vt 0.25 0.269
vt 0.2857143 0.4291825
vt 0.3214286 0.4291809
vt 0.3571429 0.4291799
vt 0.3928571 0.4291799
vt 0.4285714 0.4291809
vt 0.4642857 0.4291825
vt 0.5 0.4291835
vt 0.2857143 0.4005921
vt 0.3214286 0.4005891
vt 0.3571429 0.4005873
vt 0.3928571 0.4005873
vt 0.4285714 0.4005891
vt 0.4642857 0.4005921
vt 0.5 0.4005941
vt 0.2857143 0.3724561
vt 0.3214286 0.3724521
vt 0.3571429 0.3724498
vt 0.3928571 0.3724498
vt 0.4285714 0.3724521
vt 0.4642857 0.3724561
vt 0.5 0.3724589
vt 0.2857143 0.3450018
vt 0.3214286 0.3449973
vt 0.3571429 0.3449947
vt 0.3928571 0.3449947
vt 0.4285714 0.3449973
vt 0.4642857 0.3450018
vt 0.5 0.3450047
vt 0.2857143 0.3184562
vt 0.3214286 0.3184521
vt 0.3571429 0.3184497
vt 0.3928571 0.3184497
vt 0.4285714 0.3184521
vt 0.4642857 0.3184562
vt 0.5 0.3184589
vt 0.2857143 0.2930465
vt 0.3214286 0.2930439
vt 0.3571429 0.2930423
vt 0.3928571 0.2930424
vt 0.4285714 0.2930439
vt 0.4642857 0.2930465
vt 0.5 0.2930483
vt 0.2857143 0.269
vt 0.3214286 0.269
vt 0.3571429 0.269
vt 0.3928571 0.269
vt 0.4285714 0.269
vt 0.4642857 0.269
vt 0.5 0.269
vt 0.75 0.4291835
vt 0.7142857 0.4291825
vt 0.6785715 0.4291809
vt 0.6428571 0.4291799
vt 0.6071429 0.4291799
vt 0.5714285 0.4291809
vt 0.5357143 0.4291825
vt 0.75 0.4005941
vt 0.7142857 0.4005921
vt 0.6785715 0.4005891
vt 0.6428571 0.4005873
vt 0.6071429 0.4005873
vt 0.5714285 0.4005891
vt 0.5357143 0.4005921
vt 0.75 0.3724589
vt 0.7142857 0.3724561
vt 0.6785715 0.3724521
vt 0.6428571 0.3724498
vt 0.6071429 0.3724498
vt 0.5714285 0.3724521
vt 0.5357143 0.3724561
vt 0.75 0.3450047
vt 0.7142857 0.3450018
vt 0.6785715 0.3449973
vt 0.6428571 0.3449947
vt 0.6071429 0.3449947
vt 0.5714285 0.3449973
vt 0.5357143 0.3450018
vt 0.75 0.3184589
vt 0.7142857 0.3184562
vt 0.6785715 0.3184521
vt 0.6428571 0.3184497
vt 0.6071429 0.3184497
vt 0.5714285 0.3184521
vt 0.5357143 0.3184562
vt 0.75 0.2930483
vt 0.7142857 0.2930465
vt 0.6785715 0.2930439
vt 0.6428571 0.2930423
vt 0.6071429 0.2930424
vt 0.5714285 0.2930439
vt 0.5357143 0.2930465
vt 0.75 0.269
vt 0.7142857 0.269
vt 0.6785715 0.269
vt 0.6428571 0.269
vt 0.6071429 0.269
vt 0.5714285 0.269
vt 0.5357143 0.269
vt 1 0.4291835
vt 0.9642857 0.4291825
vt 0.9285714 0.4291809
vt 0.8928571 0.4291799
vt 0.8571429 0.4291799
vt 0.8214285 0.4291809
vt 0.7857143 0.4291825
vt 1 0.4005941
vt 0.9642857 0.4005921
vt 0.9285714 0.4005891
vt 0.8928571 0.4005873
vt 0.8571429 0.4005873
vt 0.8214285 0.4005891
vt 0.7857143 0.4005921
vt 1 0.3724589
vt 0.9642857 0.3724561
vt 0.9285714 0.3724521
vt 0.8928571 0.3724498
vt 0.8571429 0.3724498
vt 0.8214285 0.3724521
vt 0.7857143 0.3724561
vt 1 0.3450047
vt 0.9642857 0.3450018
vt 0.9285714 0.3449973
vt 0.8928571 0.3449947
vt 0.8571429 0.3449947
vt 0.8214285 0.3449973
vt 0.7857143 0.3450018
vt 1 0.3184589
vt 0.9642857 0.3184562
vt 0.9285714 0.3184521
vt 0.8928571 0.3184497
vt 0.8571429 0.3184497
vt 0.8214285 0.3184521
vt 0.7857143 0.3184562
vt 1 0.2930483
vt 0.9642857 0.2930465
vt 0.9285714 0.2930439
vt 0.8928571 0.2930423
vt 0.8571429 0.2930424
vt 0.8214285 0.2930439
vt 0.7857143 0.2930465
vt 1 0.269
vt 0.9642857 0.269
vt 0.9285714 0.269
vt 0.8928571 0.269
vt 0.8571429 0.269
vt 0.8214285 0.269
vt 0.7857143 0.269
vt 0 0.2453734
vt 0.03571429 0.2453802
vt 0.07142857 0.2453901
vt 0.1071429 0.245396
vt 0.1428571 0.245396
vt 0.1785714 0.2453901
vt 0.2142857 0.2453802
vt 0.25 0.2453734
vt 0 0.2226952
vt 0.03571429 0.2227042
vt 0.07142857 0.2227174
vt 0.1071429 0.2227252
vt 0.1428571 0.2227252
vt 0.1785714 0.2227174
vt 0.2142857 0.2227042
vt 0.25 0.2226952
vt 0 0.2017216
vt 0.03571429 0.2017297
vt 0.07142857 0.2017416
vt 0.1071429 0.2017486
vt 0.1428571 0.2017486
vt 0.1785714 0.2017416
vt 0.2142857 0.2017297
vt 0.25 0.2017216
vt 0 0.1832089
vt 0.03571429 0.1832143
vt 0.07142857 0.1832223
vt 0.1071429 0.1832269
vt 0.1428571 0.1832269
vt 0.1785714 0.1832223
vt 0.2142857 0.1832143
vt 0.25 0.1832089
vt 0 0.1679136
vt 0.03571429 0.1679158
vt 0.07142857 0.1679192
vt 0.1071429 0.1679211
vt 0.1428571 0.1679211
vt 0.1785714 0.1679192
vt 0.2142857 0.1679158
vt 0.25 0.1679136
vt 0 0.1565918
vt 0.03571429 0.1565918
vt 0.07142857 0.1565918
vt 0.1071429 0.1565918
vt 0.1428571 0.1565918
vt 0.1785714 0.1565918
vt 0.2142857 0.1565918
vt 0.25 0.1565918
vt 0 0.15
vt 0.03571429 0.15
vt 0.07142857 0.15
vt 0.1071429 0.15
vt 0.1428571 0.15
vt 0.1785714 0.15
vt 0.2142857 0.15
vt 0.25 0.15
vt 0.2857143 0.2453802
vt 0.3214286 0.2453901
vt 0.3571429 0.245396
vt 0.3928571 0.245396
vt 0.4285714 0.2453901
vt 0.4642857 0.2453802
vt 0.5 0.2453734
vt 0.2857143 0.2227042
vt 0.3214286 0.2227174
vt 0.3571429 0.2227252
vt 0.3928571 0.2227252
vt 0.4285714 0.2227174
vt 0.4642857 0.2227042
vt 0.5 0.2226952
vt 0.2857143 0.2017297
vt 0.3214286 0.2017416
vt 0.3571429 0.2017486
vt 0.3928571 0.2017486
vt 0.4285714 0.2017416
vt 0.4642857 0.2017297
vt 0.5 0.2017216
vt 0.2857143 0.1832143
vt 0.3214286 0.1832223
vt 0.3571429 0.1832269
vt 0.3928571 0.1832269
vt 0.4285714 0.1832223
vt 0.4642857 0.1832143
vt 0.5 0.1832089
vt 0.2857143 0.1679158
vt 0.3214286 0.1679192
vt 0.3571429 0.1679211
vt 0.3928571 0.1679211
vt 0.4285714 0.1679192
vt 0.4642857 0.1679158
vt 0.5 0.1679136
vt 0.2857143 0.1565918
vt 0.3214286 0.1565918
vt 0.3571429 0.1565918
vt 0.3928571 0.1565918
vt 0.4285714 0.1565918
vt 0.4642857 0.1565918
vt 0.5 0.1565918
vt 0.2857143 0.15
vt 0.3214286 0.15
vt 0.3571429 0.15
vt 0.3928571 0.15
vt 0.4285714 0.15
vt 0.4642857 0.15
vt 0.5 0.15
vt 0.75 0.2453734
vt 0.7142857 0.2453802
vt 0.6785715 0.2453901
vt 0.6428571 0.245396
vt 0.6071429 0.245396
vt 0.5714285 0.2453901
vt 0.5357143 0.2453802
vt 0.75 0.2226952
vt 0.7142857 0.2227042
vt 0.6785715 0.2227174
vt 0.6428571 0.2227252
vt 0.6071429 0.2227252
vt 0.5714285 0.2227174
vt 0.5357143 0.2227042
vt 0.75 0.2017216
vt 0.7142857 0.2017297
vt 0.6785715 0.2017416
vt 0.6428571 0.2017486
vt 0.6071429 0.2017486
vt 0.5714285 0.2017416
vt 0.5357143 0.2017297
vt 0.75 0.1832089
vt 0.7142857 0.1832143
vt 0.6785715 0.1832223
vt 0.6428571 0.1832269
vt 0.6071429 0.1832269
vt 0.5714285 0.1832223
vt 0.5357143 0.1832143
vt 0.75 0.1679136
vt 0.7142857 0.1679158
vt 0.6785715 0.1679192
vt 0.6428571 0.1679211
vt 0.6071429 0.1679211
vt 0.5714285 0.1679192
vt 0.5357143 0.1679158
vt 0.75 0.1565918
vt 0.7142857 0.1565918
vt 0.6785715 0.1565918
vt 0.6428571 0.1565918
vt 0.6071429 0.1565918
vt 0.5714285 0.1565918
vt 0.5357143 0.1565918
vt 0.75 0.15
vt 0.7142857 0.15
vt 0.6785715 0.15
vt 0.6428571 0.15
vt 0.6071429 0.15
vt 0.5714285 0.15
vt 0.5357143 0.15
vt 1 0.2453734
vt 0.9642857 0.2453802
vt 0.9285714 0.2453901
vt 0.8928571 0.245396
vt 0.8571429 0.245396
vt 0.8214285 0.2453901
vt 0.7857143 0.2453802
vt 1 0.2226952
vt 0.9642857 0.2227042
vt 0.9285714 0.2227174
vt 0.8928571 0.2227252
vt 0.8571429 0.2227252
vt 0.8214285 0.2227174
vt 0.7857143 0.2227042
vt 1 0.2017216
vt 0.9642857 0.2017297
vt 0.9285714 0.2017416
vt 0.8928571 0.2017486
vt 0.8571429 0.2017486
vt 0.8214285 0.2017416
vt 0.7857143 0.2017297
vt 1 0.1832089
vt 0.9642857 0.1832143
vt 0.9285714 0.1832223
vt 0.8928571 0.1832269
vt 0.8571429 0.1832269
vt 0.8214285 0.1832223
vt 0.7857143 0.1832143
vt 1 0.1679136
vt 0.9642857 0.1679158
vt 0.9285714 0.1679192
vt 0.8928571 0.1679211
vt 0.8571429 0.1679211
vt 0.8214285 0.1679192
vt 0.7857143 0.1679158
vt 1 0.1565918
vt 0.9642857 0.1565918
vt 0.9285714 0.1565918
vt 0.8928571 0.1565918
vt 0.8571429 0.1565918
vt 0.8214285 0.1565918
vt 0.7857143 0.1565918
vt 1 0.15
vt 0.9642857 0.15
vt 0.9285714 0.15
vt 0.8928571 0.15
vt 0.8571429 0.15
vt 0.8214285 0.15
vt 0.7857143 0.15

f 2/2/2 9/9/9 1/1/1
f 9/9/9 2/2/2 10/10/10
f 3/3/3 10/10/10 2/2/2
f 10/10/10 3/3/3 11/11/11
f 4/4/4 11/11/11 3/3/3
f 11/11/11 4/4/4 12/12/12
f 5/5/5 12/12/12 4/4/4
f 12/12/12 5/5/5 13/13/13
f 6/6/6 13/13/13 5/5/5
f 13/13/13 6/6/6 14/14/14
f 7/7/7 14/14/14 6/6/6
f 14/14/14 7/7/7 15/15/15
f 8/8/8 15/15/15 7/7/7
f 15/15/15 8/8/8 16/16/16
f 10/10/10 17/17/17 9/9/9
f 17/17/17 10/10/10 18/18/18
f 11/11/11 18/18/18 10/10/10
f 18/18/18 11/11/11 19/19/19
f 12/12/12 19/19/19 11/11/11
f 19/19/19 12/12/12 20/20/20
f 13/13/13 20/20/20 12/12/12
f 20/20/20 13/13/13 21/21/21
f 14/14/14 21/21/21 13/13/13
f 21/21/21 14/14/14 22/22/22
f 15/15/15 22/22/22 14/14/14
f 22/22/22 15/15/15 23/23/23
f 16/16/16 23/23/23 15/15/15
f 23/23/23 16/16/16 24/24/24
f 18/18/18 25/25/25 17/17/17
f 25/25/25 18/18/18 26/26/26
f 19/19/19 26/26/26 18/18/18
f 26/26/26 19/19/19 27/27/27
f 20/20/20 27/27/27 19/19/19
f 27/27/27 20/20/20 28/28/28
f 21/21/21 28/28/28 20/20/20
f 28/28/28 21/21/21 29/29/29
f 22/22/22 29/29/29 21/21/21
f 29/29/29 22/22/22 30/30/30
f 23/23/23 30/30/30 22/22/22
f 30/30/30 23/23/23 31/31/31
f 24/24/24 31/31/31 23/23/23
f 31/31/31 24/24/24 32/32/32
f 26/26/26 33/33/33 25/25/25
f 33/33/33 26/26/26 34/34/34
f 27/27/27 34/34/34 26/26/26
f 34/34/34 27/27/27 35/35/35
f 28/28/28 35/35/35 27/27/27
f 35/35/35 28/28/28 36/36/36
f 29/29/29 36/36/36 28/28/28
f 36/36/36 29/29/29 37/37/37
f 30/30/30 37/37/37 29/29/29
f 37/37/37 30/30/30 38/38/38
f 31/31/31 38/38/38 30/30/30
f 38/38/38 31/31/31 39/39/39
f 32/32/32 39/39/39 31/31/31
f 39/39/39 32/32/32 40/40/40
f 34/34/34 41/41/41 33/33/33
f 41/41/41 34/34/34 42/42/42
f 35/35/35 42/42/42 34/34/34
f 42/42/42 35/35/35 43/43/43
f 36/36/36 43/43/43 35/35/35
f 43/43/43 36/36/36 44/44/44
f 37/37/37 44/44/44 36/36/36
f 44/44/44 37/37/37 45/45/45
f 38/38/38 45/45/45 37/37/37
f 45/45/45 38/38/38 46/46/46
f 39/39/39 46/46/46 38/38/38
f 46/46/46 39/39/39 47/47/47
f 40/40/40 47/47/47 39/39/39
f 47/47/47 40/40/40 48/48/48
f 42/42/42 49/49/49 41/41/41
f 49/49/49 42/42/42 50/50/50
f 43/43/43 50/50/50 42/42/42
f 50/50/50 43/43/43 51/51/51
f 44/44/44 51/51/51 43/43/43
f 51/51/51 44/44/44 52/52/52
f 45/45/45 52/52/52 44/44/44
f 52/52/52 45/45/45 53/53/53
f 46/46/46 53/53/53 45/45/45
f 53/53/53 46/46/46 54/54/54
f 47/47/47 54/54/54 46/46/46
f 54/54/54 47/47/47 55/55/55
f 48/48/48 55/55/55 47/47/47
f 55/55/55 48/48/48 56/56/56
f 50/50/50 57/57/57 49/49/49
f 57/57/57 50/50/50 58/58/58
f 51/51/51 58/58/58 50/50/50
f 58/58/58 51/51/51 59/59/59
f 52/52/52 59/59/59 51/51/51
f 59/59/59 52/52/52 60/60/60
f 53/53/53 60/60/60 52/52/52
f 60/60/60 53/53/53 61/61/61
f 54/54/54 61/61/61 53/53/53
f 61/61/61 54/54/54 62/62/62
f 55/55/55 62/62/62 54/54/54
f 62/62/62 55/55/55 63/63/63
f 56/56/56 63/63/63 55/55/55
f 63/63/63 56/56/56 64/64/64
f 9/9/9 65/65/65 1/1/1
f 65/65/65 9/9/9 71/72/71
f 71/72/71 66/66/66 65/65/65
f 66/66/66 71/72/71 72/73/72
f 72/73/72 67/67/67 66/66/66
f 67/67/67 72/73/72 73/74/73
f 73/74/73 68/68/68 67/67/67
f 68/68/68 73/74/73 74/75/74
f 74/75/74 69/69/69 68/68/68
f 69/69/69 74/75/74 75/76/75
f 75/76/75 70/70/70 69/69/69
f 70/70/70 75/76/75 76/77/76
f 76/77/76 8/71/8 70/70/70
f 8/71/8 76/77/76 16/78/16
f 17/17/17 71/72/71 9/9/9
f 71/72/71 17/17/17 77/79/77
f 77/79/77 72/73/72 71/72/71
f 72/73/72 77/79/77 78/80/78
f 78/80/78 73/74/73 72/73/72
f 73/74/73 78/80/78 79/81/79
f 79/81/79 74/75/74 73/74/73
f 74/75/74 79/81/79 80/82/80
f 80/82/80 75/76/75 74/75/74
f 75/76/75 80/82/80 81/83/81
f 81/83/81 76/77/76 75/76/75
f 76/77/76 81/83/81 82/84/82
f 82/84/82 16/78/16 76/77/76
f 16/78/16 82/84/82 24/85/24
f 25/25/25 77/79/77 17/17/17
f 77/79/77 25/25/25 83/86/83
f 83/86/83 78/80/78 77/79/77
f 78/80/78 83/86/83 84/87/84
f 84/87/84 79/81/79 78/80/78
f 79/81/79 84/87/84 85/88/85
f 85/88/85 80/82/80 79/81/79
f 80/82/80 85/88/85 86/89/86
f 86/89/86 81/83/81 80/82/80
f 81/83/81 86/89/86 87/90/87
f 87/90/87 82/84/82 81/83/81
f 82/84/82 87/90/87 88/91/88
f 88/91/88 24/85/24 82/84/82
f 24/85/24 88/91/88 32/92/32
f 33/33/33 83/86/83 25/25/25
f 83/86/83 33/33/33 89/93/89
f 89/93/89 84/87/84 83/86/83
f 84/87/84 89/93/89 90/94/90
f 90/94/90 85/88/85 84/87/84
f 85/88/85 90/94/90 91/95/91
f 91/95/91 86/89/86 85/88/85
f 86/89/86 91/95/91 92/96/92
f 92/96/92 87/90/87 86/89/86
f 87/90/87 92/96/92 93/97/93
f 93/97/93 88/91/88 87/90/87
f 88/91/88 93/97/93 94/98/94
f 94/98/94 32/92/32 88/91/88
f 32/92/32 94/98/94 40/99/40
f 41/41/41 89/93/89 33/33/33
f 89/93/89 41/41/41 95/100/95
f 95/100/95 90/94/90 89/93/89
f 90/94/90 95/100/95 96/101/96
f 96/101/96 91/95/91 90/94/90
f 91/95/91 96/101/96 97/102/97
f 97/102/97 92/96/92 91/95/91
f 92/96/92 97/102/97 98/103/98
f 98/103/98 93/97/93 92/96/92
f 93/97/93 98/103/98 99/104/99
f 99/104/99 94/98/94 93/97/93
f 94/98/94 99/104/99 100/105/100
f 100/105/100 40/99/40 94/98/94
f 40/99/40 100/105/100 48/106/48
f 49/49/49 95/100/95 41/41/41
f 95/100/95 49/49/49 101/107/101
f 101/107/101 96/101/96 95/100/95
f 96/101/96 101/107/101 102/108/102
f 102/108/102 97/102/97 96/101/96
f 97/102/97 102/108/102 103/109/103
f 103/109/103 98/103/98 97/102/97
f 98/103/98 103/109/103 104/110/104
f 104/110/104 99/104/99 98/103/98
f 99/104/99 104/110/104 105/111/105
f 105/111/105 100/105/100 99/104/99
f 100/105/100 105/111/105 106/112/106
f 106/112/106 48/106/48 100/105/100
f 48/106/48 106/112/106 56/113/56
f 57/57/57 101/107/101 49/49/49
f 101/107/101 57/57/57 107/114/107
f 107/114/107 102/108/102 101/107/101
f 102/108/102 107/114/107 108/115/108
f 108/115/108 103/109/103 102/108/102
f 103/109/103 108/115/108 109/116/109
f 109/116/109 104/110/104 103/109/103
f 104/110/104 109/116/109 110/117/110
f 110/117/110 105/111/105 104/110/104
f 105/111/105 110/117/110 111/118/111
f 111/118/111 106/112/106 105/111/105
f 106/112/106 111/118/111 112/119/112
f 112/119/112 56/113/56 106/112/106
f 56/113/56 112/119/112 64/120/64
f 58/58/58 113/121/113 57/57/57
f 113/121/113 58/58/58 114/122/114
f 59/59/59 114/122/114 58/58/58
f 114/122/114 59/59/59 115/123/115
f 60/60/60 115/123/115 59/59/59
f 115/123/115 60/60/60 116/124/116
f 61/61/61 116/124/116 60/60/60
f 116/124/116 61/61/61 117/125/117
f 62/62/62 117/125/117 61/61/61
f 117/125/117 62/62/62 118/126/118
f 63/63/63 118/126/118 62/62/62
f 118/126/118 63/63/63 119/127/119
f 64/64/64 119/127/119 63/63/63
f 119/127/119 64/64/64 120/128/120
f 114/122/114 121/129/121 113/121/113
f 121/129/121 114/122/114 122/130/122
f 115/123/115 122/130/122 114/122/114
f 122/130/122 115/123/115 123/131/123
f 116/124/116 123/131/123 115/123/115
f 123/131/123 116/124/116 124/132/124
f 117/125/117 124/132/124 116/124/116
f 124/132/124 117/125/117 125/133/125
f 118/126/118 125/133/125 117/125/117
f 125/133/125 118/126/118 126/134/126
f 119/127/119 126/134/126 118/126/118
f 126/134/126 119/127/119 127/135/127
f 120/128/120 127/135/127 119/127/119
f 127/135/127 120/128/120 128/136/128
f 122/130/122 129/137/129 121/129/121
f 129/137/129 122/130/122 130/138/130
f 123/131/123 130/138/130 122/130/122
f 130/138/130 123/131/123 131/139/131
f 124/132/124 131/139/131 123/131/123
f 131/139/131 124/132/124 132/140/132
f 125/133/125 132/140/132 124/132/124
f 132/140/132 125/133/125 133/141/133
f 126/134/126 133/141/133 125/133/125
f 133/141/133 126/134/126 134/142/134
f 127/135/127 134/142/134 126/134/126
f 134/142/134 127/135/127 135/143/135
f 128/136/128 135/143/135 127/135/127
f 135/143/135 128/136/128 136/144/136
f 130/138/130 137/145/137 129/137/129
f 137/145/137 130/138/130 138/146/138
f 131/139/131 138/146/138 130/138/130
f 138/146/138 131/139/131 139/147/139
f 132/140/132 139/147/139 131/139/131
f 139/147/139 132/140/132 140/148/140
f 133/141/133 140/148/140 132/140/132
f 140/148/140 133/141/133 141/149/141
f 134/142/134 141/149/141 133/141/133
f 141/149/141 134/142/134 142/150/142
f 135/143/135 142/150/142 134/142/134
f 142/150/142 135/143/135 143/151/143
f 136/144/136 143/151/143 135/143/135
f 143/151/143 136/144/136 144/152/144
f 138/146/138 145/153/145 137/145/137
f 145/153/145 138/146/138 146/154/146
f 139/147/139 146/154/146 138/146/138
f 146/154/146 139/147/139 147/155/147
f 140/148/140 147/155/147 139/147/139
f 147/155/147 140/148/140 148/156/148
f 141/149/141 148/156/148 140/148/140
f 148/156/148 141/149/141 149/157/149
f 142/150/142 149/157/149 141/149/141
f 149/157/149 142/150/142 150/158/150
f 143/151/143 150/158/150 142/150/142
f 150/158/150 143/151/143 151/159/151
f 144/152/144 151/159/151 143/151/143
f 151/159/151 144/152/144 152/160/152
f 146/154/146 153/161/153 145/153/145
f 153/161/153 146/154/146 154/162/154
f 147/155/147 154/162/154 146/154/146
f 154/162/154 147/155/147 155/163/155
f 148/156/148 155/163/155 147/155/147
f 155/163/155 148/156/148 156/164/156
f 149/157/149 156/164/156 148/156/148
f 156/164/156 149/157/149 157/165/157
f 150/158/150 157/165/157 149/157/149
f 157/165/157 150/158/150 158/166/158
f 151/159/151 158/166/158 150/158/150
f 158/166/158 151/159/151 159/167/159
f 152/160/152 159/167/159 151/159/151
f 159/167/159 152/160/152 160/168/160
f 154/162/154 161/169/161 153/161/153
f 161/169/161 154/162/154 162/170/162
f 155/163/155 162/170/162 154/162/154
f 162/170/162 155/163/155 163/171/163
f 156/164/156 163/171/163 155/163/155
f 163/171/163 156/164/156 164/172/164
f 157/165/157 164/172/164 156/164/156
f 164/172/164 157/165/157 165/173/165
f 158/166/158 165/173/165 157/165/157
f 165/173/165 158/166/158 166/174/166
f 159/167/159 166/174/166 158/166/158
f 166/174/166 159/167/159 167/175/167
f 160/168/160 167/175/167 159/167/159
f 167/175/167 160/168/160 168/176/168
f 113/121/113 107/114/107 57/57/57
f 107/114/107 113/121/113 169/177/169
f 169/177/169 108/115/108 107/114/107
f 108/115/108 169/177/169 170/178/170
f 170/178/170 109/116/109 108/115/108
f 109/116/109 170/178/170 171/179/171
f 171/179/171 110/117/110 109/116/109
f 110/117/110 171/179/171 172/180/172
f 172/180/172 111/118/111 110/117/110
f 111/118/111 172/180/172 173/181/173
f 173/181/173 112/119/112 111/118/111
f 112/119/112 173/181/173 174/182/174
f 174/182/174 64/120/64 112/119/112
f 64/120/64 174/182/174 120/183/120
f 121/129/121 169/177/169 113/121/113
f 169/177/169 121/129/121 175/184/175
f 175/184/175 170/178/170 169/177/169
f 170/178/170 175/184/175 176/185/176
f 176/185/176 171/179/171 170/178/170
f 171/179/171 176/185/176 177/186/177
f 177/186/177 172/180/172 171/179/171
f 172/180/172 177/186/177 178/187/178
f 178/187/178 173/181/173 172/180/172
f 173/181/173 178/187/178 179/188/179
f 179/188/179 174/182/174 173/181/173
f 174/182/174 179/188/179 180/189/180
f 180/189/180 120/183/120 174/182/174
f 120/183/120 180/189/180 128/190/128
f 129/137/129 175/184/175 121/129/121
f 175/184/175 129/137/129 181/191/181
f 181/191/181 176/185/176 175/184/175
f 176/185/176 181/191/181 182/192/182
f 182/192/182 177/186/177 176/185/176
f 177/186/177 182/192/182 183/193/183
f 183/193/183 178/187/178 177/186/177
f 178/187/178 183/193/183 184/194/184
f 184/194/184 179/188/179 178/187/178
f 179/188/179 184/194/184 185/195/185
f 185/195/185 180/189/180 179/188/179
f 180/189/180 185/195/185 186/196/186
f 186/196/186 128/190/128 180/189/180
f 128/190/128 186/196/186 136/197/136
f 137/145/137 181/191/181 129/137/129
f 181/191/181 137/145/137 187/198/187
f 187/198/187 182/192/182 181/191/181
f 182/192/182 187/198/187 188/199/188
f 188/199/188 183/193/183 182/192/182
f 183/193/183 188/199/188 189/200/189
f 189/200/189 184/194/184 183/193/183
f 184/194/184 189/200/189 190/201/190
f 190/201/190 185/195/185 184/194/184
f 185/195/185 190/201/190 191/202/191
f 191/202/191 186/196/186 185/195/185
f 186/196/186 191/202/191 192/203/192
f 192/203/192 136/197/136 186/196/186
f 136/197/136 192/203/192 144/204/144
f 145/153/145 187/198/187 137/145/137
f 187/198/187 145/153/145 193/205/193
f 193/205/193 188/199/188 187/198/187
f 188/199/188 193/205/193 194/206/194
f 194/206/194 189/200/189 188/199/188
f 189/200/189 194/206/194 195/207/195
f 195/207/195 190/201/190 189/200/189
f 190/201/190 195/207/195 196/208/196
f 196/208/196 191/202/191 190/201/190
f 191/202/191 196/208/196 197/209/197
f 197/209/197 192/203/192 191/202/191
f 192/203/192 197/209/197 198/210/198
f 198/210/198 144/204/144 192/203/192
f 144/204/144 198/210/198 152/211/152
f 153/161/153 193/205/193 145/153/145
f 193/205/193 153/161/153 199/212/199
f 199/212/199 194/206/194 193/205/193
f 194/206/194 199/212/199 200/213/200
f 200/213/200 195/207/195 194/206/194
f 195/207/195 200/213/200 201/214/201
f 201/214/201 196/208/196 195/207/195
f 196/208/196 201/214/201 202/215/202
f 202/215/202 197/209/197 196/208/196
f 197/209/197 202/215/202 203/216/203
f 203/216/203 198/210/198 197/209/197
f 198/210/198 203/216/203 204/217/204
f 204/217/204 152/211/152 198/210/198
f 152/211/152 204/217/204 160/218/160
f 161/169/161 199/212/199 153/161/153
f 199/212/199 161/169/161 205/219/205
f 205/219/205 200/213/200 199/212/199
f 200/213/200 205/219/205 206/220/206
f 206/220/206 201/214/201 200/213/200
f 201/214/201 206/220/206 207/221/207
f 207/221/207 202/215/202 201/214/201
f 202/215/202 207/221/207 208/222/208
f 208/222/208 203/216/203 202/215/202
f 203/216/203 208/222/208 209/223/209
f 209/223/209 204/217/204 203/216/203
f 204/217/204 209/223/209 210/224/210
f 210/224/210 160/218/160 204/217/204
f 160/218/160 210/224/210 168/225/168
f 212/227/212 219/234/219 211/226/211
f 219/234/219 212/227/212 220/235/220
f 213/228/213 220/235/220 212/227/212
f 220/235/220 213/228/213 221/236/221
f 214/229/214 221/236/221 213/228/213
f 221/236/221 214/229/214 222/237/222
f 215/230/215 222/237/222 214/229/214
f 222/237/222 215/230/215 223/238/223
f 216/231/216 223/238/223 215/230/215
f 223/238/223 216/231/216 224/239/224
f 217/232/217 224/239/224 216/231/216
f 224/239/224 217/232/217 225/240/225
f 218/233/218 225/240/225 217/232/217
f 225/240/225 218/233/218 226/241/226
f 220/235/220 227/242/227 219/234/219
f 227/242/227 220/235/220 228/243/228
f 221/236/221 228/243/228 220/235/220
f 228/243/228 221/236/221 229/244/229
f 222/237/222 229/244/229 221/236/221
f 229/244/229 222/237/222 230/245/230
f 223/238/223 230/245/230 222/237/222
f 230/245/230 223/238/223 231/246/231
f 224/239/224 231/246/231 223/238/223
f 231/246/231 224/239/224 232/247/232
f 225/240/225 232/247/232 224/239/224
f 232/247/232 225/240/225 233/248/233
f 226/241/226 233/248/233 225/240/225
f 233/248/233 226/241/226 234/249/234
f 228/243/228 235/250/235 227/242/227
f 235/250/235 228/243/228 236/251/236
f 229/244/229 236/251/236 228/243/228
f 236/251/236 229/244/229 237/252/237
f 230/245/230 237/252/237 229/244/229
f 237/252/237 230/245/230 238/253/238
f 231/246/231 238/253/238 230/245/230
f 238/253/238 231/246/231 239/254/239
f 232/247/232 239/254/239 231/246/231
f 239/254/239 232/247/232 240/255/240
f 233/248/233 240/255/240 232/247/232
f 240/255/240 233/248/233 241/256/241
f 234/249/234 241/256/241 233/248/233
f 241/256/241 234/249/234 242/257/242
f 236/251/236 243/258/243 235/250/235
f 243/258/243 236/251/236 244/259/244
f 237/252/237 244/259/244 236/251/236
f 244/259/244 237/252/237 245/260/245
f 238/253/238 245/260/245 237/252/237
f 245/260/245 238/253/238 246/261/246
f 239/254/239 246/261/246 238/253/238
f 246/261/246 239/254/239 247/262/247
f 240/255/240 247/262/247 239/254/239
f 247/262/247 240/255/240 248/263/248
f 241/256/241 248/263/248 240/255/240
f 248/263/248 241/256/241 249/264/249
f 242/257/242 249/264/249 241/256/241
f 249/264/249 242/257/242 250/265/250
f 244/259/244 251/266/251 243/258/243
f 251/266/251 244/259/244 252/267/252
f 245/260/245 252/267/252 244/259/244
f 252/267/252 245/260/245 253/268/253
f 246/261/246 253/268/253 245/260/245
f 253/268/253 246/261/246 254/269/254
f 247/262/247 254/269/254 246/261/246
f 254/269/254 247/262/247 255/270/255
f 248/263/248 255/270/255 247/262/247
f 255/270/255 248/263/248 256/271/256
f 249/264/249 256/271/256 248/263/248
f 256/271/256 249/264/249 257/272/257
f 250/265/250 257/272/257 249/264/249
f 257/272/257 250/265/250 258/273/258
f 252/267/252 259/274/259 251/266/251
f 259/274/259 252/267/252 260/275/260
f 253/268/253 260/275/260 252/267/252
f 260/275/260 253/268/253 261/276/261
f 254/269/254 261/276/261 253/268/253
f 261/276/261 254/269/254 262/277/262
f 255/270/255 262/277/262 254/269/254
f 262/277/262 255/270/255 263/278/263
f 256/271/256 263/278/263 255/270/255
f 263/278/263 256/271/256 264/279/264
f 257/272/257 264/279/264 256/271/256
f 264/279/264 257/272/257 265/280/265
f 258/273/258 265/280/265 257/272/257
f 265/280/265 258/273/258 266/281/266
f 260/275/260 267/282/267 259/274/259
f 267/282/267 260/275/260 268/283/268
f 261/276/261 268/283/268 260/275/260
f 268/283/268 261/276/261 269/284/269
f 262/277/262 269/284/269 261/276/261
f 269/284/269 262/277/262 270/285/270
f 263/278/263 270/285/270 262/277/262
f 270/285/270 263/278/263 271/286/271
f 264/279/264 271/286/271 263/278/263
f 271/286/271 264/279/264 272/287/272
f 265/280/265 272/287/272 264/279/264
f 272/287/272 265/280/265 273/288/273
f 266/281/266 273/288/273 265/280/265
f 273/288/273 266/281/266 274/289/274
f 219/297/219 275/291/275 211/290/211
f 275/291/275 219/297/219 281/298/281
f 281/298/281 276/292/276 275/291/275
f 276/292/276 281/298/281 282/299/282
f 282/299/282 277/293/277 276/292/276
f 277/293/277 282/299/282 283/300/283
f 283/300/283 278/294/278 277/293/277
f 278/294/278 283/300/283 284/301/284
f 284/301/284 279/295/279 278/294/278
f 279/295/279 284/301/284 285/302/285
f 285/302/285 280/296/280 279/295/279
f 280/296/280 285/302/285 286/303/286
f 286/303/286 218/233/218 280/296/280
f 218/233/218 286/303/286 226/241/226
f 227/304/227 281/298/281 219/297/219
f 281/298/281 227/304/227 287/305/287
f 287/305/287 282/299/282 281/298/281
f 282/299/282 287/305/287 288/306/288
f 288/306/288 283/300/283 282/299/282
f 283/300/283 288/306/288 289/307/289
f 289/307/289 284/301/284 283/300/283
f 284/301/284 289/307/289 290/308/290
f 290/308/290 285/302/285 284/301/284
f 285/302/285 290/308/290 291/309/291
f 291/309/291 286/303/286 285/302/285
f 286/303/286 291/309/291 292/310/292
f 292/310/292 226/241/226 286/303/286
f 226/241/226 292/310/292 234/249/234
f 235/311/235 287/305/287 227/304/227
f 287/305/287 235/311/235 293/312/293
f 293/312/293 288/306/288 287/305/287
f 288/306/288 293/312/293 294/313/294
f 294/313/294 289/307/289 288/306/288
f 289/307/289 294/313/294 295/314/295
f 295/314/295 290/308/290 289/307/289
f 290/308/290 295/314/295 296/315/296
f 296/315/296 291/309/291 290/308/290
f 291/309/291 296/315/296 297/316/297
f 297/316/297 292/310/292 291/309/291
f 292/310/292 297/316/297 298/317/298
f 298/317/298 234/249/234 292/310/292
f 234/249/234 298/317/298 242/257/242
f 243/318/243 293/312/293 235/311/235
f 293/312/293 243/318/243 299/319/299
f 299/319/299 294/313/294 293/312/293
f 294/313/294 299/319/299 300/320/300
f 300/320/300 295/314/295 294/313/294
f 295/314/295 300/320/300 301/321/301
f 301/321/301 296/315/296 295/314/295
f 296/315/296 301/321/301 302/322/302
f 302/322/302 297/316/297 296/315/296
f 297/316/297 302/322/302 303/323/303
f 303/323/303 298/317/298 297/316/297
f 298/317/298 303/323/303 304/324/304
f 304/324/304 242/257/242 298/317/298
f 242/257/242 304/324/304 250/265/250
f 251/325/251 299/319/299 243/318/243
f 299/319/299 251/325/251 305/326/305
f 305/326/305 300/320/300 299/319/299
f 300/320/300 305/326/305 306/327/306
f 306/327/306 301/321/301 300/320/300
f 301/321/301 306/327/306 307/328/307
f 307/328/307 302/322/302 301/321/301
f 302/322/302 307/328/307 308/329/308
f 308/329/308 303/323/303 302/322/302
f 303/323/303 308/329/308 309/330/309
f 309/330/309 304/324/304 303/323/303
f 304/324/304 309/330/309 310/331/310
f 310/331/310 250/265/250 304/324/304
f 250/265/250 310/331/310 258/273/258
f 259/332/259 305/326/305 251/325/251
f 305/326/305 259/332/259 311/333/311
f 311/333/311 306/327/306 305/326/305
f 306/327/306 311/333/311 312/334/312
f 312/334/312 307/328/307 306/327/306
f 307/328/307 312/334/312 313/335/313
f 313/335/313 308/329/308 307/328/307
f 308/329/308 313/335/313 314/336/314
f 314/336/314 309/330/309 308/329/308
f 309/330/309 314/336/314 315/337/315
f 315/337/315 310/331/310 309/330/309
f 310/331/310 315/337/315 316/338/316
f 316/338/316 258/273/258 310/331/310
f 258/273/258 316/338/316 266/281/266
f 267/339/267 311/333/311 259/332/259
f 311/333/311 267/339/267 317/340/317
f 317/340/317 312/334/312 311/333/311
f 312/334/312 317/340/317 318/341/318
f 318/341/318 313/335/313 312/334/312
f 313/335/313 318/341/318 319/342/319
f 319/342/319 314/336/314 313/335/313
f 314/336/314 319/342/319 320/343/320
f 320/343/320 315/337/315 314/336/314
f 315/337/315 320/343/320 321/344/321
f 321/344/321 316/338/316 315/337/315
f 316/338/316 321/344/321 322/345/322
f 322/345/322 266/281/266 316/338/316
f 266/281/266 322/345/322 274/289/274
f 268/283/268 323/346/323 267/282/267
f 323/346/323 268/283/268 324/347/324
f 269/284/269 324/347/324 268/283/268
f 324/347/324 269/284/269 325/348/325
f 270/285/270 325/348/325 269/284/269
f 325/348/325 270/285/270 326/349/326
f 271/286/271 326/349/326 270/285/270
f 326/349/326 271/286/271 327/350/327
f 272/287/272 327/350/327 271/286/271
f 327/350/327 272/287/272 328/351/328
f 273/288/273 328/351/328 272/287/272
f 328/351/328 273/288/273 329/352/329
f 274/289/274 329/352/329 273/288/273
f 329/352/329 274/289/274 330/353/330
f 324/347/324 331/354/331 323/346/323
f 331/354/331 324/347/324 332/355/332
f 325/348/325 332/355/332 324/347/324
f 332/355/332 325/348/325 333/356/333
f 326/349/326 333/356/333 325/348/325
f 333/356/333 326/349/326 334/357/334
f 327/350/327 334/357/334 326/349/326
f 334/357/334 327/350/327 335/358/335
f 328/351/328 335/358/335 327/350/327
f 335/358/335 328/351/328 336/359/336
f 329/352/329 336/359/336 328/351/328
f 336/359/336 329/352/329 337/360/337
f 330/353/330 337/360/337 329/352/329
f 337/360/337 330/353/330 338/361/338
f 332/355/332 339/362/339 331/354/331
f 339/362/339 332/355/332 340/363/340
f 333/356/333 340/363/340 332/355/332
f 340/363/340 333/356/333 341/364/341
f 334/357/334 341/364/341 333/356/333
f 341/364/341 334/357/334 342/365/342
f 335/358/335 342/365/342 334/357/334
f 342/365/342 335/358/335 343/366/343
f 336/359/336 343/366/343 335/358/335
f 343/366/343 336/359/336 344/367/344
f 337/360/337 344/367/344 336/359/336
f 344/367/344 337/360/337 345/368/345
f 338/361/338 345/368/345 337/360/337
f 345/368/345 338/361/338 346/369/346
f 340/363/340 347/370/347 339/362/339
f 347/370/347 340/363/340 348/371/348
f 341/364/341 348/371/348 340/363/340
f 348/371/348 341/364/341 349/372/349
f 342/365/342 349/372/349 341/364/341
f 349/372/349 342/365/342 350/373/350
f 343/366/343 350/373/350 342/365/342
f 350/373/350 343/366/343 351/374/351
f 344/367/344 351/374/351 343/366/343
f 351/374/351 344/367/344 352/375/352
f 345/368/345 352/375/352 344/367/344
f 352/375/352 345/368/345 353/376/353
f 346/369/346 353/376/353 345/368/345
f 353/376/353 346/369/346 354/377/354
f 348/371/348 355/378/355 347/370/347
f 355/378/355 348/371/348 356/379/356
f 349/372/349 356/379/356 348/371/348
f 356/379/356 349/372/349 357/380/357
f 350/373/350 357/380/357 349/372/349
f 357/380/357 350/373/350 358/381/358
f 351/374/351 358/381/358 350/373/350
f 358/381/358 351/374/351 359/382/359
f 352/375/352 359/382/359 351/374/351
f 359/382/359 352/375/352 360/383/360
f 353/376/353 360/383/360 352/375/352
f 360/383/360 353/376/353 361/384/361
f 354/377/354 361/384/361 353/376/353
f 361/384/361 354/377/354 362/385/362
f 356/379/356 363/386/363 355/378/355
f 363/386/363 356/379/356 364/387/364
f 357/380/357 364/387/364 356/379/356
f 364/387/364 357/380/357 365/388/365
f 358/381/358 365/388/365 357/380/357
f 365/388/365 358/381/358 366/389/366
f 359/382/359 366/389/366 358/381/358
f 366/389/366 359/382/359 367/390/367
f 360/383/360 367/390/367 359/382/359
f 367/390/367 360/383/360 368/391/368
f 361/384/361 368/391/368 360/383/360
f 368/391/368 361/384/361 369/392/369
f 362/385/362 369/392/369 361/384/361
f 369/392/369 362/385/362 370/393/370
f 364/387/364 371/394/371 363/386/363
f 371/394/371 364/387/364 372/395/372
f 365/388/365 372/395/372 364/387/364
f 372/395/372 365/388/365 373/396/373
f 366/389/366 373/396/373 365/388/365
f 373/396/373 366/389/366 374/397/374
f 367/390/367 374/397/374 366/389/366
f 374/397/374 367/390/367 375/398/375
f 368/391/368 375/398/375 367/390/367
f 375/398/375 368/391/368 376/399/376
f 369/392/369 376/399/376 368/391/368
f 376/399/376 369/392/369 377/400/377
f 370/393/370 377/400/377 369/392/369
f 377/400/377 370/393/370 378/401/378
f 323/402/323 317/340/317 267/339/267
f 317/340/317 323/402/323 379/403/379
f 379/403/379 318/341/318 317/340/317
f 318/341/318 379/403/379 380/404/380
f 380/404/380 319/342/319 318/341/318
f 319/342/319 380/404/380 381/405/381
f 381/405/381 320/343/320 319/342/319
f 320/343/320 381/405/381 382/406/382
f 382/406/382 321/344/321 320/343/320
f 321/344/321 382/406/382 383/407/383
f 383/407/383 322/345/322 321/344/321
f 322/345/322 383/407/383 384/408/384
f 384/408/384 274/289/274 322/345/322
f 274/289/274 384/408/384 330/353/330
f 331/409/331 379/403/379 323/402/323
f 379/403/379 331/409/331 385/410/385
f 385/410/385 380/404/380 379/403/379
f 380/404/380 385/410/385 386/411/386
f 386/411/386 381/405/381 380/404/380
f 381/405/381 386/411/386 387/412/387
f 387/412/387 382/406/382 381/405/381
f 382/406/382 387/412/387 388/413/388
f 388/413/388 383/407/383 382/406/382
f 383/407/383 388/413/388 389/414/389
f 389/414/389 384/408/384 383/407/383
f 384/408/384 389/414/389 390/415/390
f 390/415/390 330/353/330 384/408/384
f 330/353/330 390/415/390 338/361/338
f 339/416/339 385/410/385 331/409/331
f 385/410/385 339/416/339 391/417/391
f 391/417/391 386/411/386 385/410/385
f 386/411/386 391/417/391 392/418/392
f 392/418/392 387/412/387 386/411/386
f 387/412/387 392/418/392 393/419/393
f 393/419/393 388/413/388 387/412/387
f 388/413/388 393/419/393 394/420/394
f 394/420/394 389/414/389 388/413/388
f 389/414/389 394/420/394 395/421/395
f 395/421/395 390/415/390 389/414/389
f 390/415/390 395/421/395 396/422/396
f 396/422/396 338/361/338 390/415/390
f 338/361/338 396/422/396 346/369/346
f 347/423/347 391/417/391 339/416/339
f 391/417/391 347/423/347 397/424/397
f 397/424/397 392/418/392 391/417/391
f 392/418/392 397/424/397 398/425/398
f 398/425/398 393/419/393 392/418/392
f 393/419/393 398/425/398 399/426/399
f 399/426/399 394/420/394 393/419/393
f 394/420/394 399/426/399 400/427/400
f 400/427/400 395/421/395 394/420/394
f 395/421/395 400/427/400 401/428/401
f 401/428/401 396/422/396 395/421/395
f 396/422/396 401/428/401 402/429/402
f 402/429/402 346/369/346 396/422/396
f 346/369/346 402/429/402 354/377/354
f 355/430/355 397/424/397 347/423/347
f 397/424/397 355/430/355 403/431/403
f 403/431/403 398/425/398 397/424/397
f 398/425/398 403/431/403 404/432/404
f 404/432/404 399/426/399 398/425/398
f 399/426/399 404/432/404 405/433/405
f 405/433/405 400/427/400 399/426/399
f 400/427/400 405/433/405 406/434/406
f 406/434/406 401/428/401 400/427/400
f 401/428/401 406/434/406 407/435/407
f 407/435/407 402/429/402 401/428/401
f 402/429/402 407/435/407 408/436/408
f 408/436/408 354/377/354 402/429/402
f 354/377/354 408/436/408 362/385/362
f 363/437/363 403/431/403 355/430/355
f 403/431/403 363/437/363 409/438/409
f 409/438/409 404/432/404 403/431/403
f 404/432/404 409/438/409 410/439/410
f 410/439/410 405/433/405 404/432/404
f 405/433/405 410/439/410 411/440/411
f 411/440/411 406/434/406 405/433/405
f 406/434/406 411/440/411 412/441/412
f 412/441/412 407/435/407 406/434/406
f 407/435/407 412/441/412 413/442/413
f 413/442/413 408/436/408 407/435/407
f 408/436/408 413/442/413 414/443/414
f 414/443/414 362/385/362 408/436/408
f 362/385/362 414/443/414 370/393/370
f 371/444/371 409/438/409 363/437/363
f 409/438/409 371/444/371 415/445/415
f 415/445/415 410/439/410 409/438/409
f 410/439/410 415/445/415 416/446/416
f 416/446/416 411/440/411 410/439/410
f 411/440/411 416/446/416 417/447/417
f 417/447/417 412/441/412 411/440/411
f 412/441/412 417/447/417 418/448/418
f 418/448/418 413/442/413 412/441/412
f 413/442/413 418/448/418 419/449/419
f 419/449/419 414/443/414 413/442/413
f 414/443/414 419/449/419 420/450/420
f 420/450/420 370/393/370 414/443/414
f 370/393/370 420/450/420 378/401/378
f 421/451/421 423/453/423 422/452/422
f 421/451/421 424/454/424 423/453/423
f 421/451/421 425/455/425 424/454/424
f 421/451/421 426/456/426 425/455/425
f 421/451/421 427/457/427 426/456/426
f 421/451/421 428/458/428 427/457/427
f 421/451/421 429/459/429 428/458/428
f 423/453/423 430/460/430 422/452/422
f 430/460/430 423/453/423 431/461/431
f 424/454/424 431/461/431 423/453/423
f 431/461/431 424/454/424 432/462/432
f 425/455/425 432/462/432 424/454/424
f 432/462/432 425/455/425 433/463/433
f 426/456/426 433/463/433 425/455/425
f 433/463/433 426/456/426 434/464/434
f 427/457/427 434/464/434 426/456/426
f 434/464/434 427/457/427 435/465/435
f 428/458/428 435/465/435 427/457/427
f 435/465/435 428/458/428 436/466/436
f 429/459/429 436/466/436 428/458/428
f 436/466/436 429/459/429 437/467/437
f 431/461/431 438/468/438 430/460/430
f 438/468/438 431/461/431 439/469/439
f 432/462/432 439/469/439 431/461/431
f 439/469/439 432/462/432 440/470/440
f 433/463/433 440/470/440 432/462/432
f 440/470/440 433/463/433 441/471/441
f 434/464/434 441/471/441 433/463/433
f 441/471/441 434/464/434 442/472/442
f 435/465/435 442/472/442 434/464/434
f 442/472/442 435/465/435 443/473/443
f 436/466/436 443/473/443 435/465/435
f 443/473/443 436/466/436 444/474/444
f 437/467/437 444/474/444 436/466/436
f 444/474/444 437/467/437 445/475/445
f 439/469/439 446/476/446 438/468/438
f 446/476/446 439/469/439 447/477/447
f 440/470/440 447/477/447 439/469/439
f 447/477/447 440/470/440 448/478/448
f 441/471/441 448/478/448 440/470/440
f 448/478/448 441/471/441 449/479/449
f 442/472/442 449/479/449 441/471/441
f 449/479/449 442/472/442 450/480/450
f 443/473/443 450/480/450 442/472/442
f 450/480/450 443/473/443 451/481/451
f 444/474/444 451/481/451 443/473/443
f 451/481/451 444/474/444 452/482/452
f 445/475/445 452/482/452 444/474/444
f 452/482/452 445/475/445 453/483/453
f 447/477/447 454/484/454 446/476/446
f 454/484/454 447/477/447 455/485/455
f 448/478/448 455/485/455 447/477/447
f 455/485/455 448/478/448 456/486/456
f 449/479/449 456/486/456 448/478/448
f 456/486/456 449/479/449 457/487/457
f 450/480/450 457/487/457 449/479/449
f 457/487/457 450/480/450 458/488/458
f 451/481/451 458/488/458 450/480/450
f 458/488/458 451/481/451 459/489/459
f 452/482/452 459/489/459 451/481/451
f 459/489/459 452/482/452 460/490/460
f 453/483/453 460/490/460 452/482/452
f 460/490/460 453/483/453 461/491/461
f 455/485/455 462/492/462 454/484/454
f 462/492/462 455/485/455 463/493/463
f 456/486/456 463/493/463 455/485/455
f 463/493/463 456/486/456 464/494/464
f 457/487/457 464/494/464 456/486/456
f 464/494/464 457/487/457 465/495/465
f 458/488/458 465/495/465 457/487/457
f 465/495/465 458/488/458 466/496/466
f 459/489/459 466/496/466 458/488/458
f 466/496/466 459/489/459 467/497/467
f 460/490/460 467/497/467 459/489/459
f 467/497/467 460/490/460 468/498/468
f 461/491/461 468/498/468 460/490/460
f 468/498/468 461/491/461 469/499/469
f 463/493/463 470/500/470 462/492/462
f 470/500/470 463/493/463 471/501/471
f 464/494/464 471/501/471 463/493/463
f 471/501/471 464/494/464 472/502/472
f 465/495/465 472/502/472 464/494/464
f 472/502/472 465/495/465 473/503/473
f 466/496/466 473/503/473 465/495/465
f 473/503/473 466/496/466 474/504/474
f 467/497/467 474/504/474 466/496/466
f 474/504/474 467/497/467 475/505/475
f 468/498/468 475/505/475 467/497/467
f 475/505/475 468/498/468 476/506/476
f 469/499/469 476/506/476 468/498/468
f 476/506/476 469/499/469 477/507/477
f 421/451/421 478/508/478 429/459/429
f 421/451/421 479/509/479 478/508/478
f 421/451/421 480/510/480 479/509/479
f 421/451/421 481/511/481 480/510/480
f 421/451/421 482/512/482 481/511/481
f 421/451/421 483/513/483 482/512/482
f 421/451/421 484/514/484 483/513/483
f 478/508/478 437/467/437 429/459/429
f 437/467/437 478/508/478 485/515/485
f 479/509/479 485/515/485 478/508/478
f 485/515/485 479/509/479 486/516/486
f 480/510/480 486/516/486 479/509/479
f 486/516/486 480/510/480 487/517/487
f 481/511/481 487/517/487 480/510/480
f 487/517/487 481/511/481 488/518/488
f 482/512/482 488/518/488 481/511/481
f 488/518/488 482/512/482 489/519/489
f 483/513/483 489/519/489 482/512/482
f 489/519/489 483/513/483 490/520/490
f 484/514/484 490/520/490 483/513/483
f 490/520/490 484/514/484 491/521/491
f 485/515/485 445/475/445 437/467/437
f 445/475/445 485/515/485 492/522/492
f 486/516/486 492/522/492 485/515/485
f 492/522/492 486/516/486 493/523/493
f 487/517/487 493/523/493 486/516/486
f 493/523/493 487/517/487 494/524/494
f 488/518/488 494/524/494 487/517/487
f 494/524/494 488/518/488 495/525/495
f 489/519/489 495/525/495 488/518/488
f 495/525/495 489/519/489 496/526/496
f 490/520/490 496/526/496 489/519/489
f 496/526/496 490/520/490 497/527/497
f 491/521/491 497/527/497 490/520/490
f 497/527/497 491/521/491 498/528/498
f 492/522/492 453/483/453 445/475/445
f 453/483/453 492/522/492 499/529/499
f 493/523/493 499/529/499 492/522/492
f 499/529/499 493/523/493 500/530/500
f 494/524/494 500/530/500 493/523/493
f 500/530/500 494/524/494 501/531/501
f 495/525/495 501/531/501 494/524/494
f 501/531/501 495/525/495 502/532/502
f 496/526/496 502/532/502 495/525/495
f 502/532/502 496/526/496 503/533/503
f 497/527/497 503/533/503 496/526/496
f 503/533/503 497/527/497 504/534/504
f 498/528/498 504/534/504 497/527/497
f 504/534/504 498/528/498 505/535/505
f 499/529/499 461/491/461 453/483/453
f 461/491/461 499/529/499 506/536/506
f 500/530/500 506/536/506 499/529/499
f 506/536/506 500/530/500 507/537/507
f 501/531/501 507/537/507 500/530/500
f 507/537/507 501/531/501 508/538/508
f 502/532/502 508/538/508 501/531/501
f 508/538/508 502/532/502 509/539/509
f 503/533/503 509/539/509 502/532/502
f 509/539/509 503/533/503 510/540/510
f 504/534/504 510/540/510 503/533/503
f 510/540/510 504/534/504 511/541/511
f 505/535/505 511/541/511 504/534/504
f 511/541/511 505/535/505 512/542/512
f 506/536/506 469/499/469 461/491/461
f 469/499/469 506/536/506 513/543/513
f 507/537/507 513/543/513 506/536/506
f 513/543/513 507/537/507 514/544/514
f 508/538/508 514/544/514 507/537/507
f 514/544/514 508/538/508 515/545/515
f 509/539/509 515/545/515 508/538/508
f 515/545/515 509/539/509 516/546/516
f 510/540/510 516/546/516 509/539/509
f 516/546/516 510/540/510 517/547/517
f 511/541/511 517/547/517 510/540/510
f 517/547/517 511/541/511 518/548/518
f 512/542/512 518/548/518 511/541/511
f 518/548/518 512/542/512 519/549/519
f 513/543/513 477/507/477 469/499/469
f 477/507/477 513/543/513 520/550/520
f 514/544/514 520/550/520 513/543/513
f 520/550/520 514/544/514 521/551/521
f 515/545/515 521/551/521 514/544/514
f 521/551/521 515/545/515 522/552/522
f 516/546/516 522/552/522 515/545/515
f 522/552/522 516/546/516 523/553/523
f 517/547/517 523/553/523 516/546/516
f 523/553/523 517/547/517 524/554/524
f 518/548/518 524/554/524 517/547/517
f 524/554/524 518/548/518 525/555/525
f 519/549/519 525/555/525 518/548/518
f 525/555/525 519/549/519 526/556/526
f 527/557/527 528/558/528 421/451/421
f 528/558/528 529/559/529 421/451/421
f 529/559/529 530/560/530 421/451/421
f 530/560/530 531/561/531 421/451/421
f 531/561/531 532/562/532 421/451/421
f 532/562/532 533/563/533 421/451/421
f 533/563/533 484/514/484 421/451/421
f 534/564/534 528/558/528 527/557/527
f 528/558/528 534/564/534 535/565/535
f 535/565/535 529/559/529 528/558/528
f 529/559/529 535/565/535 536/566/536
f 536/566/536 530/560/530 529/559/529
f 530/560/530 536/566/536 537/567/537
f 537/567/537 531/561/531 530/560/530
f 531/561/531 537/567/537 538/568/538
f 538/568/538 532/562/532 531/561/531
f 532/562/532 538/568/538 539/569/539
f 539/569/539 533/563/533 532/562/532
f 533/563/533 539/569/539 540/570/540
f 540/570/540 484/514/484 533/563/533
f 484/514/484 540/570/540 491/521/491
f 541/571/541 535/565/535 534/564/534
f 535/565/535 541/571/541 542/572/542
f 542/572/542 536/566/536 535/565/535
f 536/566/536 542/572/542 543/573/543
f 543/573/543 537/567/537 536/566/536
f 537/567/537 543/573/543 544/574/544
f 544/574/544 538/568/538 537/567/537
f 538/568/538 544/574/544 545/575/545
f 545/575/545 539/569/539 538/568/538
f 539/569/539 545/575/545 546/576/546
f 546/576/546 540/570/540 539/569/539
f 540/570/540 546/576/546 547/577/547
f 547/577/547 491/521/491 540/570/540
f 491/521/491 547/577/547 498/528/498
f 548/578/548 542/572/542 541/571/541
f 542/572/542 548/578/548 549/579/549
f 549/579/549 543/573/543 542/572/542
f 543/573/543 549/579/549 550/580/550
f 550/580/550 544/574/544 543/573/543
f 544/574/544 550/580/550 551/581/551
f 551/581/551 545/575/545 544/574/544
f 545/575/545 551/581/551 552/582/552
f 552/582/552 546/576/546 545/575/545
f 546/576/546 552/582/552 553/583/553
f 553/583/553 547/577/547 546/576/546
f 547/577/547 553/583/553 554/584/554
f 554/584/554 498/528/498 547/577/547
f 498/528/498 554/584/554 505/535/505
f 555/585/555 549/579/549 548/578/548
f 549/579/549 555/585/555 556/586/556
f 556/586/556 550/580/550 549/579/549
f 550/580/550 556/586/556 557/587/557
f 557/587/557 551/581/551 550/580/550
f 551/581/551 557/587/557 558/588/558
f 558/588/558 552/582/552 551/581/551
f 552/582/552 558/588/558 559/589/559
f 559/589/559 553/583/553 552/582/552
f 553/583/553 559/589/559 560/590/560
f 560/590/560 554/584/554 553/583/553
f 554/584/554 560/590/560 561/591/561
f 561/591/561 505/535/505 554/584/554
f 505/535/505 561/591/561 512/542/512
f 562/592/562 556/586/556 555/585/555
f 556/586/556 562/592/562 563/593/563
f 563/593/563 557/587/557 556/586/556
f 557/587/557 563/593/563 564/594/564
f 564/594/564 558/588/558 557/587/557
f 558/588/558 564/594/564 565/595/565
f 565/595/565 559/589/559 558/588/558
f 559/589/559 565/595/565 566/596/566
f 566/596/566 560/590/560 559/589/559
f 560/590/560 566/596/566 567/597/567
f 567/597/567 561/591/561 560/590/560
f 561/591/561 567/597/567 568/598/568
f 568/598/568 512/542/512 561/591/561
f 512/542/512 568/598/568 519/549/519
f 569/599/569 563/593/563 562/592/562
f 563/593/563 569/599/569 570/600/570
f 570/600/570 564/594/564 563/593/563
f 564/594/564 570/600/570 571/601/571
f 571/601/571 565/595/565 564/594/564
f 565/595/565 571/601/571 572/602/572
f 572/602/572 566/596/566 565/595/565
f 566/596/566 572/602/572 573/603/573
f 573/603/573 567/597/567 566/596/566
f 567/597/567 573/603/573 574/604/574
f 574/604/574 568/598/568 567/597/567
f 568/598/568 574/604/574 575/605/575
f 575/605/575 519/549/519 568/598/568
f 519/549/519 575/605/575 526/556/526
f 422/452/422 576/606/576 421/451/421
f 576/606/576 577/607/577 421/451/421
f 577/607/577 578/608/578 421/451/421
f 578/608/578 579/609/579 421/451/421
f 579/609/579 580/610/580 421/451/421
f 580/610/580 581/611/581 421/451/421
f 581/611/581 527/557/527 421/451/421
f 430/460/430 576/606/576 422/452/422
f 576/606/576 430/460/430 582/612/582
f 582/612/582 577/607/577 576/606/576
f 577/607/577 582/612/582 583/613/583
f 583/613/583 578/608/578 577/607/577
f 578/608/578 583/613/583 584/614/584
f 584/614/584 579/609/579 578/608/578
f 579/609/579 584/614/584 585/615/585
f 585/615/585 580/610/580 579/609/579
f 580/610/580 585/615/585 586/616/586
f 586/616/586 581/611/581 580/610/580
f 581/611/581 586/616/586 587/617/587
f 587/617/587 527/557/527 581/611/581
f 527/557/527 587/617/587 534/564/534
f 438/468/438 582/612/582 430/460/430
f 582/612/582 438/468/438 588/618/588
f 588/618/588 583/613/583 582/612/582
f 583/613/583 588/618/588 589/619/589
f 589/619/589 584/614/584 583/613/583
f 584/614/584 589/619/589 590/620/590
f 590/620/590 585/615/585 584/614/584
f 585/615/585 590/620/590 591/621/591
f 591/621/591 586/616/586 585/615/585
f 586/616/586 591/621/591 592/622/592
f 592/622/592 587/617/587 586/616/586
f 587/617/587 592/622/592 593/623/593
f 593/623/593 534/564/534 587/617/587
f 534/564/534 593/623/593 541/571/541
f 446/476/446 588/618/588 438/468/438
f 588/618/588 446/476/446 594/624/594
f 594/624/594 589/619/589 588/618/588
f 589/619/589 594/624/594 595/625/595
f 595/625/595 590/620/590 589/619/589
f 590/620/590 595/625/595 596/626/596
f 596/626/596 591/621/591 590/620/590
f 591/621/591 596/626/596 597/627/597
f 597/627/597 592/622/592 591/621/591
f 592/622/592 597/627/597 598/628/598
f 598/628/598 593/623/593 592/622/592
f 593/623/593 598/628/598 599/629/599
f 599/629/599 541/571/541 593/623/593
f 541/571/541 599/629/599 548/578/548
f 454/484/454 594/624/594 446/476/446
f 594/624/594 454/484/454 600/630/600
f 600/630/600 595/625/595 594/624/594
f 595/625/595 600/630/600 601/631/601
f 601/631/601 596/626/596 595/625/595
f 596/626/596 601/631/601 602/632/602
f 602/632/602 597/627/597 596/626/596
f 597/627/597 602/632/602 603/633/603
f 603/633/603 598/628/598 597/627/597
f 598/628/598 603/633/603 604/634/604
f 604/634/604 599/629/599 598/628/598
f 599/629/599 604/634/604 605/635/605
f 605/635/605 548/578/548 599/629/599
f 548/578/548 605/635/605 555/585/555
f 462/492/462 600/630/600 454/484/454
f 600/630/600 462/492/462 606/636/606
f 606/636/606 601/631/601 600/630/600
f 601/631/601 606/636/606 607/637/607
f 607/637/607 602/632/602 601/631/601
f 602/632/602 607/637/607 608/638/608
f 608/638/608 603/633/603 602/632/602
f 603/633/603 608/638/608 609/639/609
f 609/639/609 604/634/604 603/633/603
f 604/634/604 609/639/609 610/640/610
f 610/640/610 605/635/605 604/634/604
f 605/635/605 610/640/610 611/641/611
f 611/641/611 555/585/555 605/635/605
f 555/585/555 611/641/611 562/592/562
f 470/500/470 606/636/606 462/492/462
f 606/636/606 470/500/470 612/642/612
f 612/642/612 607/637/607 606/636/606
f 607/637/607 612/642/612 613/643/613
f 613/643/613 608/638/608 607/637/607
f 608/638/608 613/643/613 614/644/614
f 614/644/614 609/639/609 608/638/608
f 609/639/609 614/644/614 615/645/615
f 615/645/615 610/640/610 609/639/609
f 610/640/610 615/645/615 616/646/616
f 616/646/616 611/641/611 610/640/610
f 611/641/611 616/646/616 617/647/617
f 617/647/617 562/592/562 611/641/611
f 562/592/562 617/647/617 569/599/569
f 471/649/471 618/656/618 470/648/470
f 618/656/618 471/649/471 619/657/619
f 472/650/472 619/657/619 471/649/471
f 619/657/619 472/650/472 620/658/620
f 473/651/473 620/658/620 472/650/472
f 620/658/620 473/651/473 621/659/621
f 474/652/474 621/659/621 473/651/473
f 621/659/621 474/652/474 622/660/622
f 475/653/475 622/660/622 474/652/474
f 622/660/622 475/653/475 623/661/623
f 476/654/476 623/661/623 475/653/475
f 623/661/623 476/654/476 624/662/624
f 477/655/477 624/662/624 476/654/476
f 624/662/624 477/655/477 625/663/625
f 619/657/619 626/664/626 618/656/618
f 626/664/626 619/657/619 627/665/627
f 620/658/620 627/665/627 619/657/619
f 627/665/627 620/658/620 628/666/628
f 621/659/621 628/666/628 620/658/620
f 628/666/628 621/659/621 629/667/629
f 622/660/622 629/667/629 621/659/621
f 629/667/629 622/660/622 630/668/630
f 623/661/623 630/668/630 622/660/622
f 630/668/630 623/661/623 631/669/631
f 624/662/624 631/669/631 623/661/623
f 631/669/631 624/662/624 632/670/632
f 625/663/625 632/670/632 624/662/624
f 632/670/632 625/663/625 633/671/633
f 627/665/627 634/672/634 626/664/626
f 634/672/634 627/665/627 635/673/635
f 628/666/628 635/673/635 627/665/627
f 635/673/635 628/666/628 636/674/636
f 629/667/629 636/674/636 628/666/628
f 636/674/636 629/667/629 637/675/637
f 630/668/630 637/675/637 629/667/629
f 637/675/637 630/668/630 638/676/638
f 631/669/631 638/676/638 630/668/630
f 638/676/638 631/669/631 639/677/639
f 632/670/632 639/677/639 631/669/631
f 639/677/639 632/670/632 640/678/640
f 633/671/633 640/678/640 632/670/632
f 640/678/640 633/671/633 641/679/641
f 635/673/635 642/680/642 634/672/634
f 642/680/642 635/673/635 643/681/643
f 636/674/636 643/681/643 635/673/635
f 643/681/643 636/674/636 644/682/644
f 637/675/637 644/682/644 636/674/636
f 644/682/644 637/675/637 645/683/645
f 638/676/638 645/683/645 637/675/637
f 645/683/645 638/676/638 646/684/646
f 639/677/639 646/684/646 638/676/638
f 646/684/646 639/677/639 647/685/647
f 640/678/640 647/685/647 639/677/639
f 647/685/647 640/678/640 648/686/648
f 641/679/641 648/686/648 640/678/640
f 648/686/648 641/679/641 649/687/649
f 643/681/643 650/688/650 642/680/642
f 650/688/650 643/681/643 651/689/651
f 644/682/644 651/689/651 643/681/643
f 651/689/651 644/682/644 652/690/652
f 645/683/645 652/690/652 644/682/644
f 652/690/652 645/683/645 653/691/653
f 646/684/646 653/691/653 645/683/645
f 653/691/653 646/684/646 654/692/654
f 647/685/647 654/692/654 646/684/646
f 654/692/654 647/685/647 655/693/655
f 648/686/648 655/693/655 647/685/647
f 655/693/655 648/686/648 656/694/656
f 649/687/649 656/694/656 648/686/648
f 656/694/656 649/687/649 657/695/657
f 651/689/651 658/696/658 650/688/650
f 658/696/658 651/689/651 659/697/659
f 652/690/652 659/697/659 651/689/651
f 659/697/659 652/690/652 660/698/660
f 653/691/653 660/698/660 652/690/652
f 660/698/660 653/691/653 661/699/661
f 654/692/654 661/699/661 653/691/653
f 661/699/661 654/692/654 662/700/662
f 655/693/655 662/700/662 654/692/654
f 662/700/662 655/693/655 663/701/663
f 656/694/656 663/701/663 655/693/655
f 663/701/663 656/694/656 664/702/664
f 657/695/657 664/702/664 656/694/656
f 664/702/664 657/695/657 665/703/665
f 659/697/659 666/704/666 658/696/658
f 666/704/666 659/697/659 667/705/667
f 660/698/660 667/705/667 659/697/659
f 667/705/667 660/698/660 668/706/668
f 661/699/661 668/706/668 660/698/660
f 668/706/668 661/699/661 669/707/669
f 662/700/662 669/707/669 661/699/661
f 669/707/669 662/700/662 670/708/670
f 663/701/663 670/708/670 662/700/662
f 670/708/670 663/701/663 671/709/671
f 664/702/664 671/709/671 663/701/663
f 671/709/671 664/702/664 672/710/672
f 665/703/665 672/710/672 664/702/664
f 672/710/672 665/703/665 673/711/673
f 520/712/520 625/663/625 477/655/477
f 625/663/625 520/712/520 674/719/674
f 521/713/521 674/719/674 520/712/520
f 674/719/674 521/713/521 675/720/675
f 522/714/522 675/720/675 521/713/521
f 675/720/675 522/714/522 676/721/676
f 523/715/523 676/721/676 522/714/522
f 676/721/676 523/715/523 677/722/677
f 524/716/524 677/722/677 523/715/523
f 677/722/677 524/716/524 678/723/678
f 525/717/525 678/723/678 524/716/524
f 678/723/678 525/717/525 679/724/679
f 526/718/526 679/724/679 525/717/525
f 679/724/679 526/718/526 680/725/680
f 674/719/674 633/671/633 625/663/625
f 633/671/633 674/719/674 681/726/681
f 675/720/675 681/726/681 674/719/674
f 681/726/681 675/720/675 682/727/682
f 676/721/676 682/727/682 675/720/675
f 682/727/682 676/721/676 683/728/683
f 677/722/677 683/728/683 676/721/676
f 683/728/683 677/722/677 684/729/684
f 678/723/678 684/729/684 677/722/677
f 684/729/684 678/723/678 685/730/685
f 679/724/679 685/730/685 678/723/678
f 685/730/685 679/724/679 686/731/686
f 680/725/680 686/731/686 679/724/679
f 686/731/686 680/725/680 687/732/687
f 681/726/681 641/679/641 633/671/633
f 641/679/641 681/726/681 688/733/688
f 682/727/682 688/733/688 681/726/681
f 688/733/688 682/727/682 689/734/689
f 683/728/683 689/734/689 682/727/682
f 689/734/689 683/728/683 690/735/690
f 684/729/684 690/735/690 683/728/683
f 690/735/690 684/729/684 691/736/691
f 685/730/685 691/736/691 684/729/684
f 691/736/691 685/730/685 692/737/692
f 686/731/686 692/737/692 685/730/685
f 692/737/692 686/731/686 693/738/693
f 687/732/687 693/738/693 686/731/686
f 693/738/693 687/732/687 694/739/694
f 688/733/688 649/687/649 641/679/641
f 649/687/649 688/733/688 695/740/695
f 689/734/689 695/740/695 688/733/688
f 695/740/695 689/734/689 696/741/696
f 690/735/690 696/741/696 689/734/689
f 696/741/696 690/735/690 697/742/697
f 691/736/691 697/742/697 690/735/690
f 697/742/697 691/736/691 698/743/698
f 692/737/692 698/743/698 691/736/691
f 698/743/698 692/737/692 699/744/699
f 693/738/693 699/744/699 692/737/692
f 699/744/699 693/738/693 700/745/700
f 694/739/694 700/745/700 693/738/693
f 700/745/700 694/739/694 701/746/701
f 695/740/695 657/695/657 649/687/649
f 657/695/657 695/740/695 702/747/702
f 696/741/696 702/747/702 695/740/695
f 702/747/702 696/741/696 703/748/703
f 697/742/697 703/748/703 696/741/696
f 703/748/703 697/742/697 704/749/704
f 698/743/698 704/749/704 697/742/697
f 704/749/704 698/743/698 705/750/705
f 699/744/699 705/750/705 698/743/698
f 705/750/705 699/744/699 706/751/706
f 700/745/700 706/751/706 699/744/699
f 706/751/706 700/745/700 707/752/707
f 701/746/701 707/752/707 700/745/700
f 707/752/707 701/746/701 708/753/708
f 702/747/702 665/703/665 657/695/657
f 665/703/665 702/747/702 709/754/709
f 703/748/703 709/754/709 702/747/702
f 709/754/709 703/748/703 710/755/710
f 704/749/704 710/755/710 703/748/703
f 710/755/710 704/749/704 711/756/711
f 705/750/705 711/756/711 704/749/704
f 711/756/711 705/750/705 712/757/712
f 706/751/706 712/757/712 705/750/705
f 712/757/712 706/751/706 713/758/713
f 707/752/707 713/758/713 706/751/706
f 713/758/713 707/752/707 714/759/714
f 708/753/708 714/759/714 707/752/707
f 714/759/714 708/753/708 715/760/715
f 709/754/709 673/711/673 665/703/665
f 673/711/673 709/754/709 716/761/716
f 710/755/710 716/761/716 709/754/709
f 716/761/716 710/755/710 717/762/717
f 711/756/711 717/762/717 710/755/710
f 717/762/717 711/756/711 718/763/718
f 712/757/712 718/763/718 711/756/711
f 718/763/718 712/757/712 719/764/719
f 713/758/713 719/764/719 712/757/712
f 719/764/719 713/758/713 720/765/720
f 714/759/714 720/765/720 713/758/713
f 720/765/720 714/759/714 721/766/721
f 715/760/715 721/766/721 714/759/714
f 721/766/721 715/760/715 722/767/722
f 723/775/723 570/769/570 569/768/569
f 570/769/570 723/775/723 724/776/724
f 724/776/724 571/770/571 570/769/570
f 571/770/571 724/776/724 725/777/725
f 725/777/725 572/771/572 571/770/571
f 572/771/572 725/777/725 726/778/726
f 726/778/726 573/772/573 572/771/572
f 573/772/573 726/778/726 727/779/727
f 727/779/727 574/773/574 573/772/573
f 574/773/574 727/779/727 728/780/728
f 728/780/728 575/774/575 574/773/574
f 575/774/575 728/780/728 729/781/729
f 729/781/729 526/718/526 575/774/575
f 526/718/526 729/781/729 680/725/680
f 730/782/730 724/776/724 723/775/723
f 724/776/724 730/782/730 731/783/731
f 731/783/731 725/777/725 724/776/724
f 725/777/725 731/783/731 732/784/732
f 732/784/732 726/778/726 725/777/725
f 726/778/726 732/784/732 733/785/733
f 733/785/733 727/779/727 726/778/726
f 727/779/727 733/785/733 734/786/734
f 734/786/734 728/780/728 727/779/727
f 728/780/728 734/786/734 735/787/735
f 735/787/735 729/781/729 728/780/728
f 729/781/729 735/787/735 736/788/736
f 736/788/736 680/725/680 729/781/729
f 680/725/680 736/788/736 687/732/687
f 737/789/737 731/783/731 730/782/730
f 731/783/731 737/789/737 738/790/738
f 738/790/738 732/784/732 731/783/731
f 732/784/732 738/790/738 739/791/739
f 739/791/739 733/785/733 732/784/732
f 733/785/733 739/791/739 740/792/740
f 740/792/740 734/786/734 733/785/733
f 734/786/734 740/792/740 741/793/741
f 741/793/741 735/787/735 734/786/734
f 735/787/735 741/793/741 742/794/742
f 742/794/742 736/788/736 735/787/735
f 736/788/736 742/794/742 743/795/743
f 743/795/743 687/732/687 736/788/736
f 687/732/687 743/795/743 694/739/694
f 744/796/744 738/790/738 737/789/737
f 738/790/738 744/796/744 745/797/745
f 745/797/745 739/791/739 738/790/738
f 739/791/739 745/797/745 746/798/746
f 746/798/746 740/792/740 739/791/739
f 740/792/740 746/798/746 747/799/747
f 747/799/747 741/793/741 740/792/740
f 741/793/741 747/799/747 748/800/748
f 748/800/748 742/794/742 741/793/741
f 742/794/742 748/800/748 749/801/749
f 749/801/749 743/795/743 742/794/742
f 743/795/743 749/801/749 750/802/750
f 750/802/750 694/739/694 743/795/743
f 694/739/694 750/802/750 701/746/701
f 751/803/751 745/797/745 744/796/744
f 745/797/745 751/803/751 752/804/752
f 752/804/752 746/798/746 745/797/745
f 746/798/746 752/804/752 753/805/753
f 753/805/753 747/799/747 746/798/746
f 747/799/747 753/805/753 754/806/754
f 754/806/754 748/800/748 747/799/747
f 748/800/748 754/806/754 755/807/755
f 755/807/755 749/801/749 748/800/748
f 749/801/749 755/807/755 756/808/756
f 756/808/756 750/802/750 749/801/749
f 750/802/750 756/808/756 757/809/757
f 757/809/757 701/746/701 750/802/750
f 701/746/701 757/809/757 708/753/708
f 758/810/758 752/804/752 751/803/751
f 752/804/752 758/810/758 759/811/759
f 759/811/759 753/805/753 752/804/752
f 753/805/753 759/811/759 760/812/760
f 760/812/760 754/806/754 753/805/753
f 754/806/754 760/812/760 761/813/761
f 761/813/761 755/807/755 754/806/754
f 755/807/755 761/813/761 762/814/762
f 762/814/762 756/808/756 755/807/755
f 756/808/756 762/814/762 763/815/763
f 763/815/763 757/809/757 756/808/756
f 757/809/757 763/815/763 764/816/764
f 764/816/764 708/753/708 757/809/757
f 708/753/708 764/816/764 715/760/715
f 765/817/765 759/811/759 758/810/758
f 759/811/759 765/817/765 766/818/766
f 766/818/766 760/812/760 759/811/759
f 760/812/760 766/818/766 767/819/767
f 767/819/767 761/813/761 760/812/760
f 761/813/761 767/819/767 768/820/768
f 768/820/768 762/814/762 761/813/761
f 762/814/762 768/820/768 769/821/769
f 769/821/769 763/815/763 762/814/762
f 763/815/763 769/821/769 770/822/770
f 770/822/770 764/816/764 763/815/763
f 764/816/764 770/822/770 771/823/771
f 771/823/771 715/760/715 764/816/764
f 715/760/715 771/823/771 722/767/722
f 618/656/618 612/824/612 470/648/470
f 612/824/612 618/656/618 772/830/772
f 772/830/772 613/825/613 612/824/612
f 613/825/613 772/830/772 773/831/773
f 773/831/773 614/826/614 613/825/613
f 614/826/614 773/831/773 774/832/774
f 774/832/774 615/827/615 614/826/614
f 615/827/615 774/832/774 775/833/775
f 775/833/775 616/828/616 615/827/615
f 616/828/616 775/833/775 776/834/776
f 776/834/776 617/829/617 616/828/616
f 617/829/617 776/834/776 777/835/777
f 777/835/777 569/768/569 617/829/617
f 569/768/569 777/835/777 723/775/723
f 626/664/626 772/830/772 618/656/618
f 772/830/772 626/664/626 778/836/778
f 778/836/778 773/831/773 772/830/772
f 773/831/773 778/836/778 779/837/779
f 779/837/779 774/832/774 773/831/773
f 774/832/774 779/837/779 780/838/780
f 780/838/780 775/833/775 774/832/774
f 775/833/775 780/838/780 781/839/781
f 781/839/781 776/834/776 775/833/775
f 776/834/776 781/839/781 782/840/782
f 782/840/782 777/835/777 776/834/776
f 777/835/777 782/840/782 783/841/783
f 783/841/783 723/775/723 777/835/777
f 723/775/723 783/841/783 730/782/730
f 634/672/634 778/836/778 626/664/626
f 778/836/778 634/672/634 784/842/784
f 784/842/784 779/837/779 778/836/778
f 779/837/779 784/842/784 785/843/785
f 785/843/785 780/838/780 779/837/779
f 780/838/780 785/843/785 786/844/786
f 786/844/786 781/839/781 780/838/780
f 781/839/781 786/844/786 787/845/787
f 787/845/787 782/840/782 781/839/781
f 782/840/782 787/845/787 788/846/788
f 788/846/788 783/841/783 782/840/782
f 783/841/783 788/846/788 789/847/789
f 789/847/789 730/782/730 783/841/783
f 730/782/730 789/847/789 737/789/737
f 642/680/642 784/842/784 634/672/634
f 784/842/784 642/680/642 790/848/790
f 790/848/790 785/843/785 784/842/784
f 785/843/785 790/848/790 791/849/791
f 791/849/791 786/844/786 785/843/785
f 786/844/786 791/849/791 792/850/792
f 792/850/792 787/845/787 786/844/786
f 787/845/787 792/850/792 793/851/793
f 793/851/793 788/846/788 787/845/787
f 788/846/788 793/851/793 794/852/794
f 794/852/794 789/847/789 788/846/788
f 789/847/789 794/852/794 795/853/795
f 795/853/795 737/789/737 789/847/789
f 737/789/737 795/853/795 744/796/744
f 650/688/650 790/848/790 642/680/642
f 790/848/790 650/688/650 796/854/796
f 796/854/796 791/849/791 790/848/790
f 791/849/791 796/854/796 797/855/797
f 797/855/797 792/850/792 791/849/791
f 792/850/792 797/855/797 798/856/798
f 798/856/798 793/851/793 792/850/792
f 793/851/793 798/856/798 799/857/799
f 799/857/799 794/852/794 793/851/793
f 794/852/794 799/857/799 800/858/800
f 800/858/800 795/853/795 794/852/794
f 795/853/795 800/858/800 801/859/801
f 801/859/801 744/796/744 795/853/795
f 744/796/744 801/859/801 751/803/751
f 658/696/658 796/854/796 650/688/650
f 796/854/796 658/696/658 802/860/802
f 802/860/802 797/855/797 796/854/796
f 797/855/797 802/860/802 803/861/803
f 803/861/803 798/856/798 797/855/797
f 798/856/798 803/861/803 804/862/804
f 804/862/804 799/857/799 798/856/798
f 799/857/799 804/862/804 805/863/805
f 805/863/805 800/858/800 799/857/799
f 800/858/800 805/863/805 806/864/806
f 806/864/806 801/859/801 800/858/800
f 801/859/801 806/864/806 807/865/807
f 807/865/807 751/803/751 801/859/801
f 751/803/751 807/865/807 758/810/758
f 666/704/666 802/860/802 658/696/658
f 802/860/802 666/704/666 808/866/808
f 808/866/808 803/861/803 802/860/802
f 803/861/803 808/866/808 809/867/809
f 809/867/809 804/862/804 803/861/803
f 804/862/804 809/867/809 810/868/810
f 810/868/810 805/863/805 804/862/804
f 805/863/805 810/868/810 811/869/811
f 811/869/811 806/864/806 805/863/805
f 806/864/806 811/869/811 812/870/812
f 812/870/812 807/865/807 806/864/806
f 807/865/807 812/870/812 813/871/813
f 813/871/813 758/810/758 807/865/807
f 758/810/758 813/871/813 765/817/765
f 815/873/815 822/880/822 814/872/814
f 822/880/822 815/873/815 823/881/823
f 816/874/816 823/881/823 815/873/815
f 823/881/823 816/874/816 824/882/824
f 817/875/817 824/882/824 816/874/816
f 824/882/824 817/875/817 825/883/825
f 818/876/818 825/883/825 817/875/817
f 825/883/825 818/876/818 826/884/826
f 819/877/819 826/884/826 818/876/818
f 826/884/826 819/877/819 827/885/827
f 820/878/820 827/885/827 819/877/819
f 827/885/827 820/878/820 828/886/828
f 821/879/821 828/886/828 820/878/820
f 828/886/828 821/879/821 829/887/829
f 823/881/823 830/888/830 822/880/822
f 830/888/830 823/881/823 831/889/831
f 824/882/824 831/889/831 823/881/823
f 831/889/831 824/882/824 832/890/832
f 825/883/825 832/890/832 824/882/824
f 832/890/832 825/883/825 833/891/833
f 826/884/826 833/891/833 825/883/825
f 833/891/833 826/884/826 834/892/834
f 827/885/827 834/892/834 826/884/826
f 834/892/834 827/885/827 835/893/835
f 828/886/828 835/893/835 827/885/827
f 835/893/835 828/886/828 836/894/836
f 829/887/829 836/894/836 828/886/828
f 836/894/836 829/887/829 837/895/837
f 831/889/831 838/896/838 830/888/830
f 838/896/838 831/889/831 839/897/839
f 832/890/832 839/897/839 831/889/831
f 839/897/839 832/890/832 840/898/840
f 833/891/833 840/898/840 832/890/832
f 840/898/840 833/891/833 841/899/841
f 834/892/834 841/899/841 833/891/833
f 841/899/841 834/892/834 842/900/842
f 835/893/835 842/900/842 834/892/834
f 842/900/842 835/893/835 843/901/843
f 836/894/836 843/901/843 835/893/835
f 843/901/843 836/894/836 844/902/844
f 837/895/837 844/902/844 836/894/836
f 844/902/844 837/895/837 845/903/845
f 839/897/839 846/904/846 838/896/838
f 846/904/846 839/897/839 847/905/847
f 840/898/840 847/905/847 839/897/839
f 847/905/847 840/898/840 848/906/848
f 841/899/841 848/906/848 840/898/840
f 848/906/848 841/899/841 849/907/849
f 842/900/842 849/907/849 841/899/841
f 849/907/849 842/900/842 850/908/850
f 843/901/843 850/908/850 842/900/842
f 850/908/850 843/901/843 851/909/851
f 844/902/844 851/909/851 843/901/843
f 851/909/851 844/902/844 852/910/852
f 845/903/845 852/910/852 844/902/844
f 852/910/852 845/903/845 853/911/853
f 847/905/847 854/912/854 846/904/846
f 854/912/854 847/905/847 855/913/855
f 848/906/848 855/913/855 847/905/847
f 855/913/855 848/906/848 856/914/856
f 849/907/849 856/914/856 848/906/848
f 856/914/856 849/907/849 857/915/857
f 850/908/850 857/915/857 849/907/849
f 857/915/857 850/908/850 858/916/858
f 851/909/851 858/916/858 850/908/850
f 858/916/858 851/909/851 859/917/859
f 852/910/852 859/917/859 851/909/851
f 859/917/859 852/910/852 860/918/860
f 853/911/853 860/918/860 852/910/852
f 860/918/860 853/911/853 861/919/861
f 855/913/855 862/920/862 854/912/854
f 862/920/862 855/913/855 863/921/863
f 856/914/856 863/921/863 855/913/855
f 863/921/863 856/914/856 864/922/864
f 857/915/857 864/922/864 856/914/856
f 864/922/864 857/915/857 865/923/865
f 858/916/858 865/923/865 857/915/857
f 865/923/865 858/916/858 866/924/866
f 859/917/859 866/924/866 858/916/858
f 866/924/866 859/917/859 867/925/867
f 860/918/860 867/925/867 859/917/859
f 867/925/867 860/918/860 868/926/868
f 861/919/861 868/926/868 860/918/860
f 868/926/868 861/919/861 869/927/869
f 863/921/863 870/928/870 862/920/862
f 870/928/870 863/921/863 871/929/871
f 864/922/864 871/929/871 863/921/863
f 871/929/871 864/922/864 872/930/872
f 865/923/865 872/930/872 864/922/864
f 872/930/872 865/923/865 873/931/873
f 866/924/866 873/931/873 865/923/865
f 873/931/873 866/924/866 874/932/874
f 867/925/867 874/932/874 866/924/866
f 874/932/874 867/925/867 875/933/875
f 868/926/868 875/933/875 867/925/867
f 875/933/875 868/926/868 876/934/876
f 869/927/869 876/934/876 868/926/868
f 876/934/876 869/927/869 877/935/877
f 878/936/878 829/887/829 821/879/821
f 829/887/829 878/936/878 885/943/885
f 879/937/879 885/943/885 878/936/878
f 885/943/885 879/937/879 886/944/886
f 880/938/880 886/944/886 879/937/879
f 886/944/886 880/938/880 887/945/887
f 881/939/881 887/945/887 880/938/880
f 887/945/887 881/939/881 888/946/888
f 882/940/882 888/946/888 881/939/881
f 888/946/888 882/940/882 889/947/889
f 883/941/883 889/947/889 882/940/882
f 889/947/889 883/941/883 890/948/890
f 884/942/884 890/948/890 883/941/883
f 890/948/890 884/942/884 891/949/891
f 885/943/885 837/895/837 829/887/829
f 837/895/837 885/943/885 892/950/892
f 886/944/886 892/950/892 885/943/885
f 892/950/892 886/944/886 893/951/893
f 887/945/887 893/951/893 886/944/886
f 893/951/893 887/945/887 894/952/894
f 888/946/888 894/952/894 887/945/887
f 894/952/894 888/946/888 895/953/895
f 889/947/889 895/953/895 888/946/888
f 895/953/895 889/947/889 896/954/896
f 890/948/890 896/954/896 889/947/889
f 896/954/896 890/948/890 897/955/897
f 891/949/891 897/955/897 890/948/890
f 897/955/897 891/949/891 898/956/898
f 892/950/892 845/903/845 837/895/837
f 845/903/845 892/950/892 899/957/899
f 893/951/893 899/957/899 892/950/892
f 899/957/899 893/951/893 900/958/900
f 894/952/894 900/958/900 893/951/893
f 900/958/900 894/952/894 901/959/901
f 895/953/895 901/959/901 894/952/894
f 901/959/901 895/953/895 902/960/902
f 896/954/896 902/960/902 895/953/895
f 902/960/902 896/954/896 903/961/903
f 897/955/897 903/961/903 896/954/896
f 903/961/903 897/955/897 904/962/904
f 898/956/898 904/962/904 897/955/897
f 904/962/904 898/956/898 905/963/905
f 899/957/899 853/911/853 845/903/845
f 853/911/853 899/957/899 906/964/906
f 900/958/900 906/964/906 899/957/899
f 906/964/906 900/958/900 907/965/907
f 901/959/901 907/965/907 900/958/900
f 907/965/907 901/959/901 908/966/908
f 902/960/902 908/966/908 901/959/901
f 908/966/908 902/960/902 909/967/909
f 903/961/903 909/967/909 902/960/902
f 909/967/909 903/961/903 910/968/910
f 904/962/904 910/968/910 903/961/903
f 910/968/910 904/962/904 911/969/911
f 905/963/905 911/969/911 904/962/904
f 911/969/911 905/963/905 912/970/912
f 906/964/906 861/919/861 853/911/853
f 861/919/861 906/964/906 913/971/913
f 907/965/907 913/971/913 906/964/906
f 913/971/913 907/965/907 914/972/914
f 908/966/908 914/972/914 907/965/907
f 914/972/914 908/966/908 915/973/915
f 909/967/909 915/973/915 908/966/908
f 915/973/915 909/967/909 916/974/916
f 910/968/910 916/974/916 909/967/909
f 916/974/916 910/968/910 917/975/917
f 911/969/911 917/975/917 910/968/910
f 917/975/917 911/969/911 918/976/918
f 912/970/912 918/976/918 911/969/911
f 918/976/918 912/970/912 919/977/919
f 913/971/913 869/927/869 861/919/861
f 869/927/869 913/971/913 920/978/920
f 914/972/914 920/978/920 913/971/913
f 920/978/920 914/972/914 921/979/921
f 915/973/915 921/979/921 914/972/914
f 921/979/921 915/973/915 922/980/922
f 916/974/916 922/980/922 915/973/915
f 922/980/922 916/974/916 923/981/923
f 917/975/917 923/981/923 916/974/916
f 923/981/923 917/975/917 924/982/924
f 918/976/918 924/982/924 917/975/917
f 924/982/924 918/976/918 925/983/925
f 919/977/919 925/983/925 918/976/918
f 925/983/925 919/977/919 926/984/926
f 920/978/920 877/935/877 869/927/869
f 877/935/877 920/978/920 927/985/927
f 921/979/921 927/985/927 920/978/920
f 927/985/927 921/979/921 928/986/928
f 922/980/922 928/986/928 921/979/921
f 928/986/928 922/980/922 929/987/929
f 923/981/923 929/987/929 922/980/922
f 929/987/929 923/981/923 930/988/930
f 924/982/924 930/988/930 923/981/923
f 930/988/930 924/982/924 931/989/931
f 925/983/925 931/989/931 924/982/924
f 931/989/931 925/983/925 932/990/932
f 926/984/926 932/990/932 925/983/925
f 932/990/932 926/984/926 933/991/933
f 941/999/941 935/993/935 934/992/934
f 935/993/935 941/999/941 942/1000/942
f 942/1000/942 936/994/936 935/993/935
f 936/994/936 942/1000/942 943/1001/943
f 943/1001/943 937/995/937 936/994/936
f 937/995/937 943/1001/943 944/1002/944
f 944/1002/944 938/996/938 937/995/937
f 938/996/938 944/1002/944 945/1003/945
f 945/1003/945 939/997/939 938/996/938
f 939/997/939 945/1003/945 946/1004/946
f 946/1004/946 940/998/940 939/997/939
f 940/998/940 946/1004/946 947/1005/947
f 947/1005/947 884/942/884 940/998/940
f 884/942/884 947/1005/947 891/949/891
f 948/1006/948 942/1000/942 941/999/941
f 942/1000/942 948/1006/948 949/1007/949
f 949/1007/949 943/1001/943 942/1000/942
f 943/1001/943 949/1007/949 950/1008/950
f 950/1008/950 944/1002/944 943/1001/943
f 944/1002/944 950/1008/950 951/1009/951
f 951/1009/951 945/1003/945 944/1002/944
f 945/1003/945 951/1009/951 952/1010/952
f 952/1010/952 946/1004/946 945/1003/945
f 946/1004/946 952/1010/952 953/1011/953
f 953/1011/953 947/1005/947 946/1004/946
f 947/1005/947 953/1011/953 954/1012/954
f 954/1012/954 891/949/891 947/1005/947
f 891/949/891 954/1012/954 898/956/898
f 955/1013/955 949/1007/949 948/1006/948
f 949/1007/949 955/1013/955 956/1014/956
f 956/1014/956 950/1008/950 949/1007/949
f 950/1008/950 956/1014/956 957/1015/957
f 957/1015/957 951/1009/951 950/1008/950
f 951/1009/951 957/1015/957 958/1016/958
f 958/1016/958 952/1010/952 951/1009/951
f 952/1010/952 958/1016/958 959/1017/959
f 959/1017/959 953/1011/953 952/1010/952
f 953/1011/953 959/1017/959 960/1018/960
f 960/1018/960 954/1012/954 953/1011/953
f 954/1012/954 960/1018/960 961/1019/961
f 961/1019/961 898/956/898 954/1012/954
f 898/956/898 961/1019/961 905/963/905
f 962/1020/962 956/1014/956 955/1013/955
f 956/1014/956 962/1020/962 963/1021/963
f 963/1021/963 957/1015/957 956/1014/956
f 957/1015/957 963/1021/963 964/1022/964
f 964/1022/964 958/1016/958 957/1015/957
f 958/1016/958 964/1022/964 965/1023/965
f 965/1023/965 959/1017/959 958/1016/958
f 959/1017/959 965/1023/965 966/1024/966
f 966/1024/966 960/1018/960 959/1017/959
f 960/1018/960 966/1024/966 967/1025/967
f 967/1025/967 961/1019/961 960/1018/960
f 961/1019/961 967/1025/967 968/1026/968
f 968/1026/968 905/963/905 961/1019/961
f 905/963/905 968/1026/968 912/970/912
f 969/1027/969 963/1021/963 962/1020/962
f 963/1021/963 969/1027/969 970/1028/970
f 970/1028/970 964/1022/964 963/1021/963
f 964/1022/964 970/1028/970 971/1029/971
f 971/1029/971 965/1023/965 964/1022/964
f 965/1023/965 971/1029/971 972/1030/972
f 972/1030/972 966/1024/966 965/1023/965
f 966/1024/966 972/1030/972 973/1031/973
f 973/1031/973 967/1025/967 966/1024/966
f 967/1025/967 973/1031/973 974/1032/974
f 974/1032/974 968/1026/968 967/1025/967
f 968/1026/968 974/1032/974 975/1033/975
f 975/1033/975 912/970/912 968/1026/968
f 912/970/912 975/1033/975 919/977/919
f 976/1034/976 970/1028/970 969/1027/969
f 970/1028/970 976/1034/976 977/1035/977
f 977/1035/977 971/1029/971 970/1028/970
f 971/1029/971 977/1035/977 978/1036/978
f 978/1036/978 972/1030/972 971/1029/971
f 972/1030/972 978/1036/978 979/1037/979
f 979/1037/979 973/1031/973 972/1030/972
f 973/1031/973 979/1037/979 980/1038/980
f 980/1038/980 974/1032/974 973/1031/973
f 974/1032/974 980/1038/980 981/1039/981
f 981/1039/981 975/1033/975 974/1032/974
f 975/1033/975 981/1039/981 982/1040/982
f 982/1040/982 919/977/919 975/1033/975
f 919/977/919 982/1040/982 926/984/926
f 983/1041/983 977/1035/977 976/1034/976
f 977/1035/977 983/1041/983 984/1042/984
f 984/1042/984 978/1036/978 977/1035/977
f 978/1036/978 984/1042/984 985/1043/985
f 985/1043/985 979/1037/979 978/1036/978
f 979/1037/979 985/1043/985 986/1044/986
f 986/1044/986 980/1038/980 979/1037/979
f 980/1038/980 986/1044/986 987/1045/987
f 987/1045/987 981/1039/981 980/1038/980
f 981/1039/981 987/1045/987 988/1046/988
f 988/1046/988 982/1040/982 981/1039/981
f 982/1040/982 988/1046/988 989/1047/989
f 989/1047/989 926/984/926 982/1040/982
f 926/984/926 989/1047/989 933/991/933
f 822/1055/822 990/1049/990 814/1048/814
f 990/1049/990 822/1055/822 996/1056/996
f 996/1056/996 991/1050/991 990/1049/990
f 991/1050/991 996/1056/996 997/1057/997
f 997/1057/997 992/1051/992 991/1050/991
f 992/1051/992 997/1057/997 998/1058/998
f 998/1058/998 993/1052/993 992/1051/992
f 993/1052/993 998/1058/998 999/1059/999
f 999/1059/999 994/1053/994 993/1052/993
f 994/1053/994 999/1059/999 1000/1060/1000
f 1000/1060/1000 995/1054/995 994/1053/994
f 995/1054/995 1000/1060/1000 1001/1061/1001
f 1001/1061/1001 934/992/934 995/1054/995
f 934/992/934 1001/1061/1001 941/999/941
f 830/1062/830 996/1056/996 822/1055/822
f 996/1056/996 830/1062/830 1002/1063/1002
f 1002/1063/1002 997/1057/997 996/1056/996
f 997/1057/997 1002/1063/1002 1003/1064/1003
f 1003/1064/1003 998/1058/998 997/1057/997
f 998/1058/998 1003/1064/1003 1004/1065/1004
f 1004/1065/1004 999/1059/999 998/1058/998
f 999/1059/999 1004/1065/1004 1005/1066/1005
f 1005/1066/1005 1000/1060/1000 999/1059/999
f 1000/1060/1000 1005/1066/1005 1006/1067/1006
f 1006/1067/1006 1001/1061/1001 1000/1060/1000
f 1001/1061/1001 1006/1067/1006 1007/1068/1007
f 1007/1068/1007 941/999/941 1001/1061/1001
f 941/999/941 1007/1068/1007 948/1006/948
f 838/1069/838 1002/1063/1002 830/1062/830
f 1002/1063/1002 838/1069/838 1008/1070/1008
f 1008/1070/1008 1003/1064/1003 1002/1063/1002
f 1003/1064/1003 1008/1070/1008 1009/1071/1009
f 1009/1071/1009 1004/1065/1004 1003/1064/1003
f 1004/1065/1004 1009/1071/1009 1010/1072/1010
f 1010/1072/1010 1005/1066/1005 1004/1065/1004
f 1005/1066/1005 1010/1072/1010 1011/1073/1011
f 1011/1073/1011 1006/1067/1006 1005/1066/1005
f 1006/1067/1006 1011/1073/1011 1012/1074/1012
f 1012/1074/1012 1007/1068/1007 1006/1067/1006
f 1007/1068/1007 1012/1074/1012 1013/1075/1013
f 1013/1075/1013 948/1006/948 1007/1068/1007
f 948/1006/948 1013/1075/1013 955/1013/955
f 846/1076/846 1008/1070/1008 838/1069/838
f 1008/1070/1008 846/1076/846 1014/1077/1014
f 1014/1077/1014 1009/1071/1009 1008/1070/1008
f 1009/1071/1009 1014/1077/1014 1015/1078/1015
f 1015/1078/1015 1010/1072/1010 1009/1071/1009
f 1010/1072/1010 1015/1078/1015 1016/1079/1016
f 1016/1079/1016 1011/1073/1011 1010/1072/1010
f 1011/1073/1011 1016/1079/1016 1017/1080/1017
f 1017/1080/1017 1012/1074/1012 1011/1073/1011
f 1012/1074/1012 1017/1080/1017 1018/1081/1018
f 1018/1081/1018 1013/1075/1013 1012/1074/1012
f 1013/1075/1013 1018/1081/1018 1019/1082/1019
f 1019/1082/1019 955/1013/955 1013/1075/1013
f 955/1013/955 1019/1082/1019 962/1020/962
f 854/1083/854 1014/1077/1014 846/1076/846
f 1014/1077/1014 854/1083/854 1020/1084/1020
f 1020/1084/1020 1015/1078/1015 1014/1077/1014
f 1015/1078/1015 1020/1084/1020 1021/1085/1021
f 1021/1085/1021 1016/1079/1016 1015/1078/1015
f 1016/1079/1016 1021/1085/1021 1022/1086/1022
f 1022/1086/1022 1017/1080/1017 1016/1079/1016
f 1017/1080/1017 1022/1086/1022 1023/1087/1023
f 1023/1087/1023 1018/1081/1018 1017/1080/1017
f 1018/1081/1018 1023/1087/1023 1024/1088/1024
f 1024/1088/1024 1019/1082/1019 1018/1081/1018
f 1019/1082/1019 1024/1088/1024 1025/1089/1025
f 1025/1089/1025 962/1020/962 1019/1082/1019
f 962/1020/962 1025/1089/1025 969/1027/969
f 862/1090/862 1020/1084/1020 854/1083/854
f 1020/1084/1020 862/1090/862 1026/1091/1026
f 1026/1091/1026 1021/1085/1021 1020/1084/1020
f 1021/1085/1021 1026/1091/1026 1027/1092/1027
f 1027/1092/1027 1022/1086/1022 1021/1085/1021
f 1022/1086/1022 1027/1092/1027 1028/1093/1028
f 1028/1093/1028 1023/1087/1023 1022/1086/1022
f 1023/1087/1023 1028/1093/1028 1029/1094/1029
f 1029/1094/1029 1024/1088/1024 1023/1087/1023
f 1024/1088/1024 1029/1094/1029 1030/1095/1030
f 1030/1095/1030 1025/1089/1025 1024/1088/1024
f 1025/1089/1025 1030/1095/1030 1031/1096/1031
f 1031/1096/1031 969/1027/969 1025/1089/1025
f 969/1027/969 1031/1096/1031 976/1034/976
f 870/1097/870 1026/1091/1026 862/1090/862
f 1026/1091/1026 870/1097/870 1032/1098/1032
f 1032/1098/1032 1027/1092/1027 1026/1091/1026
f 1027/1092/1027 1032/1098/1032 1033/1099/1033
f 1033/1099/1033 1028/1093/1028 1027/1092/1027
f 1028/1093/1028 1033/1099/1033 1034/1100/1034
f 1034/1100/1034 1029/1094/1029 1028/1093/1028
f 1029/1094/1029 1034/1100/1034 1035/1101/1035
f 1035/1101/1035 1030/1095/1030 1029/1094/1029
f 1030/1095/1030 1035/1101/1035 1036/1102/1036
f 1036/1102/1036 1031/1096/1031 1030/1095/1030
f 1031/1096/1031 1036/1102/1036 1037/1103/1037
f 1037/1103/1037 976/1034/976 1031/1096/1031
f 976/1034/976 1037/1103/1037 983/1041/983
f 871/929/871 1038/1104/1038 870/928/870
f 1038/1104/1038 871/929/871 1039/1105/1039
f 872/930/872 1039/1105/1039 871/929/871
f 1039/1105/1039 872/930/872 1040/1106/1040
f 873/931/873 1040/1106/1040 872/930/872
f 1040/1106/1040 873/931/873 1041/1107/1041
f 874/932/874 1041/1107/1041 873/931/873
f 1041/1107/1041 874/932/874 1042/1108/1042
f 875/933/875 1042/1108/1042 874/932/874
f 1042/1108/1042 875/933/875 1043/1109/1043
f 876/934/876 1043/1109/1043 875/933/875
f 1043/1109/1043 876/934/876 1044/1110/1044
f 877/935/877 1044/1110/1044 876/934/876
f 1044/1110/1044 877/935/877 1045/1111/1045
f 1039/1105/1039 1046/1112/1046 1038/1104/1038
f 1046/1112/1046 1039/1105/1039 1047/1113/1047
f 1040/1106/1040 1047/1113/1047 1039/1105/1039
f 1047/1113/1047 1040/1106/1040 1048/1114/1048
f 1041/1107/1041 1048/1114/1048 1040/1106/1040
f 1048/1114/1048 1041/1107/1041 1049/1115/1049
f 1042/1108/1042 1049/1115/1049 1041/1107/1041
f 1049/1115/1049 1042/1108/1042 1050/1116/1050
f 1043/1109/1043 1050/1116/1050 1042/1108/1042
f 1050/1116/1050 1043/1109/1043 1051/1117/1051
f 1044/1110/1044 1051/1117/1051 1043/1109/1043
f 1051/1117/1051 1044/1110/1044 1052/1118/1052
f 1045/1111/1045 1052/1118/1052 1044/1110/1044
f 1052/1118/1052 1045/1111/1045 1053/1119/1053
f 1047/1113/1047 1054/1120/1054 1046/1112/1046
f 1054/1120/1054 1047/1113/1047 1055/1121/1055
f 1048/1114/1048 1055/1121/1055 1047/1113/1047
f 1055/1121/1055 1048/1114/1048 1056/1122/1056
f 1049/1115/1049 1056/1122/1056 1048/1114/1048
f 1056/1122/1056 1049/1115/1049 1057/1123/1057
f 1050/1116/1050 1057/1123/1057 1049/1115/1049
f 1057/1123/1057 1050/1116/1050 1058/1124/1058
f 1051/1117/1051 1058/1124/1058 1050/1116/1050
f 1058/1124/1058 1051/1117/1051 1059/1125/1059
f 1052/1118/1052 1059/1125/1059 1051/1117/1051
f 1059/1125/1059 1052/1118/1052 1060/1126/1060
f 1053/1119/1053 1060/1126/1060 1052/1118/1052
f 1060/1126/1060 1053/1119/1053 1061/1127/1061
f 1055/1121/1055 1062/1128/1062 1054/1120/1054
f 1062/1128/1062 1055/1121/1055 1063/1129/1063
f 1056/1122/1056 1063/1129/1063 1055/1121/1055
f 1063/1129/1063 1056/1122/1056 1064/1130/1064
f 1057/1123/1057 1064/1130/1064 1056/1122/1056
f 1064/1130/1064 1057/1123/1057 1065/1131/1065
f 1058/1124/1058 1065/1131/1065 1057/1123/1057
f 1065/1131/1065 1058/1124/1058 1066/1132/1066
f 1059/1125/1059 1066/1132/1066 1058/1124/1058
f 1066/1132/1066 1059/1125/1059 1067/1133/1067
f 1060/1126/1060 1067/1133/1067 1059/1125/1059
f 1067/1133/1067 1060/1126/1060 1068/1134/1068
f 1061/1127/1061 1068/1134/1068 1060/1126/1060
f 1068/1134/1068 1061/1127/1061 1069/1135/1069
f 1063/1129/1063 1070/1136/1070 1062/1128/1062
f 1070/1136/1070 1063/1129/1063 1071/1137/1071
f 1064/1130/1064 1071/1137/1071 1063/1129/1063
f 1071/1137/1071 1064/1130/1064 1072/1138/1072
f 1065/1131/1065 1072/1138/1072 1064/1130/1064
f 1072/1138/1072 1065/1131/1065 1073/1139/1073
f 1066/1132/1066 1073/1139/1073 1065/1131/1065
f 1073/1139/1073 1066/1132/1066 1074/1140/1074
f 1067/1133/1067 1074/1140/1074 1066/1132/1066
f 1074/1140/1074 1067/1133/1067 1075/1141/1075
f 1068/1134/1068 1075/1141/1075 1067/1133/1067
f 1075/1141/1075 1068/1134/1068 1076/1142/1076
f 1069/1135/1069 1076/1142/1076 1068/1134/1068
f 1076/1142/1076 1069/1135/1069 1077/1143/1077
f 1071/1137/1071 1078/1144/1078 1070/1136/1070
f 1078/1144/1078 1071/1137/1071 1079/1145/1079
f 1072/1138/1072 1079/1145/1079 1071/1137/1071
f 1079/1145/1079 1072/1138/1072 1080/1146/1080
f 1073/1139/1073 1080/1146/1080 1072/1138/1072
f 1080/1146/1080 1073/1139/1073 1081/1147/1081
f 1074/1140/1074 1081/1147/1081 1073/1139/1073
f 1081/1147/1081 1074/1140/1074 1082/1148/1082
f 1075/1141/1075 1082/1148/1082 1074/1140/1074
f 1082/1148/1082 1075/1141/1075 1083/1149/1083
f 1076/1142/1076 1083/1149/1083 1075/1141/1075
f 1083/1149/1083 1076/1142/1076 1084/1150/1084
f 1077/1143/1077 1084/1150/1084 1076/1142/1076
f 1084/1150/1084 1077/1143/1077 1085/1151/1085
f 1079/1145/1079 1086/1152/1086 1078/1144/1078
f 1086/1152/1086 1079/1145/1079 1087/1153/1087
f 1080/1146/1080 1087/1153/1087 1079/1145/1079
f 1087/1153/1087 1080/1146/1080 1088/1154/1088
f 1081/1147/1081 1088/1154/1088 1080/1146/1080
f 1088/1154/1088 1081/1147/1081 1089/1155/1089
f 1082/1148/1082 1089/1155/1089 1081/1147/1081
f 1089/1155/1089 1082/1148/1082 1090/1156/1090
f 1083/1149/1083 1090/1156/1090 1082/1148/1082
f 1090/1156/1090 1083/1149/1083 1091/1157/1091
f 1084/1150/1084 1091/1157/1091 1083/1149/1083
f 1091/1157/1091 1084/1150/1084 1092/1158/1092
f 1085/1151/1085 1092/1158/1092 1084/1150/1084
f 1092/1158/1092 1085/1151/1085 1093/1159/1093
f 927/985/927 1045/1111/1045 877/935/877
f 1045/1111/1045 927/985/927 1094/1160/1094
f 928/986/928 1094/1160/1094 927/985/927
f 1094/1160/1094 928/986/928 1095/1161/1095
f 929/987/929 1095/1161/1095 928/986/928
f 1095/1161/1095 929/987/929 1096/1162/1096
f 930/988/930 1096/1162/1096 929/987/929
f 1096/1162/1096 930/988/930 1097/1163/1097
f 931/989/931 1097/1163/1097 930/988/930
f 1097/1163/1097 931/989/931 1098/1164/1098
f 932/990/932 1098/1164/1098 931/989/931
f 1098/1164/1098 932/990/932 1099/1165/1099
f 933/991/933 1099/1165/1099 932/990/932
f 1099/1165/1099 933/991/933 1100/1166/1100
f 1094/1160/1094 1053/1119/1053 1045/1111/1045
f 1053/1119/1053 1094/1160/1094 1101/1167/1101
f 1095/1161/1095 1101/1167/1101 1094/1160/1094
f 1101/1167/1101 1095/1161/1095 1102/1168/1102
f 1096/1162/1096 1102/1168/1102 1095/1161/1095
f 1102/1168/1102 1096/1162/1096 1103/1169/1103
f 1097/1163/1097 1103/1169/1103 1096/1162/1096
f 1103/1169/1103 1097/1163/1097 1104/1170/1104
f 1098/1164/1098 1104/1170/1104 1097/1163/1097
f 1104/1170/1104 1098/1164/1098 1105/1171/1105
f 1099/1165/1099 1105/1171/1105 1098/1164/1098
f 1105/1171/1105 1099/1165/1099 1106/1172/1106
f 1100/1166/1100 1106/1172/1106 1099/1165/1099
f 1106/1172/1106 1100/1166/1100 1107/1173/1107
f 1101/1167/1101 1061/1127/1061 1053/1119/1053
f 1061/1127/1061 1101/1167/1101 1108/1174/1108
f 1102/1168/1102 1108/1174/1108 1101/1167/1101
f 1108/1174/1108 1102/1168/1102 1109/1175/1109
f 1103/1169/1103 1109/1175/1109 1102/1168/1102
f 1109/1175/1109 1103/1169/1103 1110/1176/1110
f 1104/1170/1104 1110/1176/1110 1103/1169/1103
f 1110/1176/1110 1104/1170/1104 1111/1177/1111
f 1105/1171/1105 1111/1177/1111 1104/1170/1104
f 1111/1177/1111 1105/1171/1105 1112/1178/1112
f 1106/1172/1106 1112/1178/1112 1105/1171/1105
f 1112/1178/1112 1106/1172/1106 1113/1179/1113
f 1107/1173/1107 1113/1179/1113 1106/1172/1106
f 1113/1179/1113 1107/1173/1107 1114/1180/1114
f 1108/1174/1108 1069/1135/1069 1061/1127/1061
f 1069/1135/1069 1108/1174/1108 1115/1181/1115
f 1109/1175/1109 1115/1181/1115 1108/1174/1108
f 1115/1181/1115 1109/1175/1109 1116/1182/1116
f 1110/1176/1110 1116/1182/1116 1109/1175/1109
f 1116/1182/1116 1110/1176/1110 1117/1183/1117
f 1111/1177/1111 1117/1183/1117 1110/1176/1110
f 1117/1183/1117 1111/1177/1111 1118/1184/1118
f 1112/1178/1112 1118/1184/1118 1111/1177/1111
f 1118/1184/1118 1112/1178/1112 1119/1185/1119
f 1113/1179/1113 1119/1185/1119 1112/1178/1112
f 1119/1185/1119 1113/1179/1113 1120/1186/1120
f 1114/1180/1114 1120/1186/1120 1113/1179/1113
f 1120/1186/1120 1114/1180/1114 1121/1187/1121
f 1115/1181/1115 1077/1143/1077 1069/1135/1069
f 1077/1143/1077 1115/1181/1115 1122/1188/1122
f 1116/1182/1116 1122/1188/1122 1115/1181/1115
f 1122/1188/1122 1116/1182/1116 1123/1189/1123
f 1117/1183/1117 1123/1189/1123 1116/1182/1116
f 1123/1189/1123 1117/1183/1117 1124/1190/1124
f 1118/1184/1118 1124/1190/1124 1117/1183/1117
f 1124/1190/1124 1118/1184/1118 1125/1191/1125
f 1119/1185/1119 1125/1191/1125 1118/1184/1118
f 1125/1191/1125 1119/1185/1119 1126/1192/1126
f 1120/1186/1120 1126/1192/1126 1119/1185/1119
f 1126/1192/1126 1120/1186/1120 1127/1193/1127
f 1121/1187/1121 1127/1193/1127 1120/1186/1120
f 1127/1193/1127 1121/1187/1121 1128/1194/1128
f 1122/1188/1122 1085/1151/1085 1077/1143/1077
f 1085/1151/1085 1122/1188/1122 1129/1195/1129
f 1123/1189/1123 1129/1195/1129 1122/1188/1122
f 1129/1195/1129 1123/1189/1123 1130/1196/1130
f 1124/1190/1124 1130/1196/1130 1123/1189/1123
f 1130/1196/1130 1124/1190/1124 1131/1197/1131
f 1125/1191/1125 1131/1197/1131 1124/1190/1124
f 1131/1197/1131 1125/1191/1125 1132/1198/1132
f 1126/1192/1126 1132/1198/1132 1125/1191/1125
f 1132/1198/1132 1126/1192/1126 1133/1199/1133
f 1127/1193/1127 1133/1199/1133 1126/1192/1126
f 1133/1199/1133 1127/1193/1127 1134/1200/1134
f 1128/1194/1128 1134/1200/1134 1127/1193/1127
f 1134/1200/1134 1128/1194/1128 1135/1201/1135
f 1129/1195/1129 1093/1159/1093 1085/1151/1085
f 1093/1159/1093 1129/1195/1129 1136/1202/1136
f 1130/1196/1130 1136/1202/1136 1129/1195/1129
f 1136/1202/1136 1130/1196/1130 1137/1203/1137
f 1131/1197/1131 1137/1203/1137 1130/1196/1130
f 1137/1203/1137 1131/1197/1131 1138/1204/1138
f 1132/1198/1132 1138/1204/1138 1131/1197/1131
f 1138/1204/1138 1132/1198/1132 1139/1205/1139
f 1133/1199/1133 1139/1205/1139 1132/1198/1132
f 1139/1205/1139 1133/1199/1133 1140/1206/1140
f 1134/1200/1134 1140/1206/1140 1133/1199/1133
f 1140/1206/1140 1134/1200/1134 1141/1207/1141
f 1135/1201/1135 1141/1207/1141 1134/1200/1134
f 1141/1207/1141 1135/1201/1135 1142/1208/1142
f 1143/1209/1143 984/1042/984 983/1041/983
f 984/1042/984 1143/1209/1143 1144/1210/1144
f 1144/1210/1144 985/1043/985 984/1042/984
f 985/1043/985 1144/1210/1144 1145/1211/1145
f 1145/1211/1145 986/1044/986 985/1043/985
f 986/1044/986 1145/1211/1145 1146/1212/1146
f 1146/1212/1146 987/1045/987 986/1044/986
f 987/1045/987 1146/1212/1146 1147/1213/1147
f 1147/1213/1147 988/1046/988 987/1045/987
f 988/1046/988 1147/1213/1147 1148/1214/1148
f 1148/1214/1148 989/1047/989 988/1046/988
f 989/1047/989 1148/1214/1148 1149/1215/1149
f 1149/1215/1149 933/991/933 989/1047/989
f 933/991/933 1149/1215/1149 1100/1166/1100
f 1150/1216/1150 1144/1210/1144 1143/1209/1143
f 1144/1210/1144 1150/1216/1150 1151/1217/1151
f 1151/1217/1151 1145/1211/1145 1144/1210/1144
f 1145/1211/1145 1151/1217/1151 1152/1218/1152
f 1152/1218/1152 1146/1212/1146 1145/1211/1145
f 1146/1212/1146 1152/1218/1152 1153/1219/1153
f 1153/1219/1153 1147/1213/1147 1146/1212/1146
f 1147/1213/1147 1153/1219/1153 1154/1220/1154
f 1154/1220/1154 1148/1214/1148 1147/1213/1147
f 1148/1214/1148 1154/1220/1154 1155/1221/1155
f 1155/1221/1155 1149/1215/1149 1148/1214/1148
f 1149/1215/1149 1155/1221/1155 1156/1222/1156
f 1156/1222/1156 1100/1166/1100 1149/1215/1149
f 1100/1166/1100 1156/1222/1156 1107/1173/1107
f 1157/1223/1157 1151/1217/1151 1150/1216/1150
f 1151/1217/1151 1157/1223/1157 1158/1224/1158
f 1158/1224/1158 1152/1218/1152 1151/1217/1151
f 1152/1218/1152 1158/1224/1158 1159/1225/1159
f 1159/1225/1159 1153/1219/1153 1152/1218/1152
f 1153/1219/1153 1159/1225/1159 1160/1226/1160
f 1160/1226/1160 1154/1220/1154 1153/1219/1153
f 1154/1220/1154 1160/1226/1160 1161/1227/1161
f 1161/1227/1161 1155/1221/1155 1154/1220/1154
f 1155/1221/1155 1161/1227/1161 1162/1228/1162
f 1162/1228/1162 1156/1222/1156 1155/1221/1155
f 1156/1222/1156 1162/1228/1162 1163/1229/1163
f 1163/1229/1163 1107/1173/1107 1156/1222/1156
f 1107/1173/1107 1163/1229/1163 1114/1180/1114
f 1164/1230/1164 1158/1224/1158 1157/1223/1157
f 1158/1224/1158 1164/1230/1164 1165/1231/1165
f 1165/1231/1165 1159/1225/1159 1158/1224/1158
f 1159/1225/1159 1165/1231/1165 1166/1232/1166
f 1166/1232/1166 1160/1226/1160 1159/1225/1159
f 1160/1226/1160 1166/1232/1166 1167/1233/1167
f 1167/1233/1167 1161/1227/1161 1160/1226/1160
f 1161/1227/1161 1167/1233/1167 1168/1234/1168
f 1168/1234/1168 1162/1228/1162 1161/1227/1161
f 1162/1228/1162 1168/1234/1168 1169/1235/1169
f 1169/1235/1169 1163/1229/1163 1162/1228/1162
f 1163/1229/1163 1169/1235/1169 1170/1236/1170
f 1170/1236/1170 1114/1180/1114 1163/1229/1163
f 1114/1180/1114 1170/1236/1170 1121/1187/1121
f 1171/1237/1171 1165/1231/1165 1164/1230/1164
f 1165/1231/1165 1171/1237/1171 1172/1238/1172
f 1172/1238/1172 1166/1232/1166 1165/1231/1165
f 1166/1232/1166 1172/1238/1172 1173/1239/1173
f 1173/1239/1173 1167/1233/1167 1166/1232/1166
f 1167/1233/1167 1173/1239/1173 1174/1240/1174
f 1174/1240/1174 1168/1234/1168 1167/1233/1167
f 1168/1234/1168 1174/1240/1174 1175/1241/1175
f 1175/1241/1175 1169/1235/1169 1168/1234/1168
f 1169/1235/1169 1175/1241/1175 1176/1242/1176
f 1176/1242/1176 1170/1236/1170 1169/1235/1169
f 1170/1236/1170 1176/1242/1176 1177/1243/1177
f 1177/1243/1177 1121/1187/1121 1170/1236/1170
f 1121/1187/1121 1177/1243/1177 1128/1194/1128
f 1178/1244/1178 1172/1238/1172 1171/1237/1171
f 1172/1238/1172 1178/1244/1178 1179/1245/1179
f 1179/1245/1179 1173/1239/1173 1172/1238/1172
f 1173/1239/1173 1179/1245/1179 1180/1246/1180
f 1180/1246/1180 1174/1240/1174 1173/1239/1173
f 1174/1240/1174 1180/1246/1180 1181/1247/1181
f 1181/1247/1181 1175/1241/1175 1174/1240/1174
f 1175/1241/1175 1181/1247/1181 1182/1248/1182
f 1182/1248/1182 1176/1242/1176 1175/1241/1175
f 1176/1242/1176 1182/1248/1182 1183/1249/1183
f 1183/1249/1183 1177/1243/1177 1176/1242/1176
f 1177/1243/1177 1183/1249/1183 1184/1250/1184
f 1184/1250/1184 1128/1194/1128 1177/1243/1177
f 1128/1194/1128 1184/1250/1184 1135/1201/1135
f 1185/1251/1185 1179/1245/1179 1178/1244/1178
f 1179/1245/1179 1185/1251/1185 1186/1252/1186
f 1186/1252/1186 1180/1246/1180 1179/1245/1179
f 1180/1246/1180 1186/1252/1186 1187/1253/1187
f 1187/1253/1187 1181/1247/1181 1180/1246/1180
f 1181/1247/1181 1187/1253/1187 1188/1254/1188
f 1188/1254/1188 1182/1248/1182 1181/1247/1181
f 1182/1248/1182 1188/1254/1188 1189/1255/1189
f 1189/1255/1189 1183/1249/1183 1182/1248/1182
f 1183/1249/1183 1189/1255/1189 1190/1256/1190
f 1190/1256/1190 1184/1250/1184 1183/1249/1183
f 1184/1250/1184 1190/1256/1190 1191/1257/1191
f 1191/1257/1191 1135/1201/1135 1184/1250/1184
f 1135/1201/1135 1191/1257/1191 1142/1208/1142
f 1038/1258/1038 1032/1098/1032 870/1097/870
f 1032/1098/1032 1038/1258/1038 1192/1259/1192
f 1192/1259/1192 1033/1099/1033 1032/1098/1032
f 1033/1099/1033 1192/1259/1192 1193/1260/1193
f 1193/1260/1193 1034/1100/1034 1033/1099/1033
f 1034/1100/1034 1193/1260/1193 1194/1261/1194
f 1194/1261/1194 1035/1101/1035 1034/1100/1034
f 1035/1101/1035 1194/1261/1194 1195/1262/1195
f 1195/1262/1195 1036/1102/1036 1035/1101/1035
f 1036/1102/1036 1195/1262/1195 1196/1263/1196
f 1196/1263/1196 1037/1103/1037 1036/1102/1036
f 1037/1103/1037 1196/1263/1196 1197/1264/1197
f 1197/1264/1197 983/1041/983 1037/1103/1037
f 983/1041/983 1197/1264/1197 1143/1209/1143
f 1046/1265/1046 1192/1259/1192 1038/1258/1038
f 1192/1259/1192 1046/1265/1046 1198/1266/1198
f 1198/1266/1198 1193/1260/1193 1192/1259/1192
f 1193/1260/1193 1198/1266/1198 1199/1267/1199
f 1199/1267/1199 1194/1261/1194 1193/1260/1193
f 1194/1261/1194 1199/1267/1199 1200/1268/1200
f 1200/1268/1200 1195/1262/1195 1194/1261/1194
f 1195/1262/1195 1200/1268/1200 1201/1269/1201
f 1201/1269/1201 1196/1263/1196 1195/1262/1195
f 1196/1263/1196 1201/1269/1201 1202/1270/1202
f 1202/1270/1202 1197/1264/1197 1196/1263/1196
f 1197/1264/1197 1202/1270/1202 1203/1271/1203
f 1203/1271/1203 1143/1209/1143 1197/1264/1197
f 1143/1209/1143 1203/1271/1203 1150/1216/1150
f 1054/1272/1054 1198/1266/1198 1046/1265/1046
f 1198/1266/1198 1054/1272/1054 1204/1273/1204
f 1204/1273/1204 1199/1267/1199 1198/1266/1198
f 1199/1267/1199 1204/1273/1204 1205/1274/1205
f 1205/1274/1205 1200/1268/1200 1199/1267/1199
f 1200/1268/1200 1205/1274/1205 1206/1275/1206
f 1206/1275/1206 1201/1269/1201 1200/1268/1200
f 1201/1269/1201 1206/1275/1206 1207/1276/1207
f 1207/1276/1207 1202/1270/1202 1201/1269/1201
f 1202/1270/1202 1207/1276/1207 1208/1277/1208
f 1208/1277/1208 1203/1271/1203 1202/1270/1202
f 1203/1271/1203 1208/1277/1208 1209/1278/1209
f 1209/1278/1209 1150/1216/1150 1203/1271/1203
f 1150/1216/1150 1209/1278/1209 1157/1223/1157
f 1062/1279/1062 1204/1273/1204 1054/1272/1054
f 1204/1273/1204 1062/1279/1062 1210/1280/1210
f 1210/1280/1210 1205/1274/1205 1204/1273/1204
f 1205/1274/1205 1210/1280/1210 1211/1281/1211
f 1211/1281/1211 1206/1275/1206 1205/1274/1205
f 1206/1275/1206 1211/1281/1211 1212/1282/1212
f 1212/1282/1212 1207/1276/1207 1206/1275/1206
f 1207/1276/1207 1212/1282/1212 1213/1283/1213
f 1213/1283/1213 1208/1277/1208 1207/1276/1207
f 1208/1277/1208 1213/1283/1213 1214/1284/1214
f 1214/1284/1214 1209/1278/1209 1208/1277/1208
f 1209/1278/1209 1214/1284/1214 1215/1285/1215
f 1215/1285/1215 1157/1223/1157 1209/1278/1209
f 1157/1223/1157 1215/1285/1215 1164/1230/1164
f 1070/1286/1070 1210/1280/1210 1062/1279/1062
f 1210/1280/1210 1070/1286/1070 1216/1287/1216
f 1216/1287/1216 1211/1281/1211 1210/1280/1210
f 1211/1281/1211 1216/1287/1216 1217/1288/1217
f 1217/1288/1217 1212/1282/1212 1211/1281/1211
f 1212/1282/1212 1217/1288/1217 1218/1289/1218
f 1218/1289/1218 1213/1283/1213 1212/1282/1212
f 1213/1283/1213 1218/1289/1218 1219/1290/1219
f 1219/1290/1219 1214/1284/1214 1213/1283/1213
f 1214/1284/1214 1219/1290/1219 1220/1291/1220
f 1220/1291/1220 1215/1285/1215 1214/1284/1214
f 1215/1285/1215 1220/1291/1220 1221/1292/1221
f 1221/1292/1221 1164/1230/1164 1215/1285/1215
f 1164/1230/1164 1221/1292/1221 1171/1237/1171
f 1078/1293/1078 1216/1287/1216 1070/1286/1070
f 1216/1287/1216 1078/1293/1078 1222/1294/1222
f 1222/1294/1222 1217/1288/1217 1216/1287/1216
f 1217/1288/1217 1222/1294/1222 1223/1295/1223
f 1223/1295/1223 1218/1289/1218 1217/1288/1217
f 1218/1289/1218 1223/1295/1223 1224/1296/1224
f 1224/1296/1224 1219/1290/1219 1218/1289/1218
f 1219/1290/1219 1224/1296/1224 1225/1297/1225
f 1225/1297/1225 1220/1291/1220 1219/1290/1219
f 1220/1291/1220 1225/1297/1225 1226/1298/1226
f 1226/1298/1226 1221/1292/1221 1220/1291/1220
f 1221/1292/1221 1226/1298/1226 1227/1299/1227
f 1227/1299/1227 1171/1237/1171 1221/1292/1221
f 1171/1237/1171 1227/1299/1227 1178/1244/1178
f 1086/1300/1086 1222/1294/1222 1078/1293/1078
f 1222/1294/1222 1086/1300/1086 1228/1301/1228
f 1228/1301/1228 1223/1295/1223 1222/1294/1222
f 1223/1295/1223 1228/1301/1228 1229/1302/1229
f 1229/1302/1229 1224/1296/1224 1223/1295/1223
f 1224/1296/1224 1229/1302/1229 1230/1303/1230
f 1230/1303/1230 1225/1297/1225 1224/1296/1224
f 1225/1297/1225 1230/1303/1230 1231/1304/1231
f 1231/1304/1231 1226/1298/1226 1225/1297/1225
f 1226/1298/1226 1231/1304/1231 1232/1305/1232
f 1232/1305/1232 1227/1299/1227 1226/1298/1226
f 1227/1299/1227 1232/1305/1232 1233/1306/1233
f 1233/1306/1233 1178/1244/1178 1227/1299/1227
f 1178/1244/1178 1233/1306/1233 1185/1251/1185
f 1087/1153/1087 1234/1307/1234 1086/1152/1086
f 1234/1307/1234 1087/1153/1087 1235/1308/1235
f 1088/1154/1088 1235/1308/1235 1087/1153/1087
f 1235/1308/1235 1088/1154/1088 1236/1309/1236
f 1089/1155/1089 1236/1309/1236 1088/1154/1088
f 1236/1309/1236 1089/1155/1089 1237/1310/1237
f 1090/1156/1090 1237/1310/1237 1089/1155/1089
f 1237/1310/1237 1090/1156/1090 1238/1311/1238
f 1091/1157/1091 1238/1311/1238 1090/1156/1090
f 1238/1311/1238 1091/1157/1091 1239/1312/1239
f 1092/1158/1092 1239/1312/1239 1091/1157/1091
f 1239/1312/1239 1092/1158/1092 1240/1313/1240
f 1093/1159/1093 1240/1313/1240 1092/1158/1092
f 1240/1313/1240 1093/1159/1093 1241/1314/1241
f 1235/1308/1235 1242/1315/1242 1234/1307/1234
f 1242/1315/1242 1235/1308/1235 1243/1316/1243
f 1236/1309/1236 1243/1316/1243 1235/1308/1235
f 1243/1316/1243 1236/1309/1236 1244/1317/1244
f 1237/1310/1237 1244/1317/1244 1236/1309/1236
f 1244/1317/1244 1237/1310/1237 1245/1318/1245
f 1238/1311/1238 1245/1318/1245 1237/1310/1237
f 1245/1318/1245 1238/1311/1238 1246/1319/1246
f 1239/1312/1239 1246/1319/1246 1238/1311/1238
f 1246/1319/1246 1239/1312/1239 1247/1320/1247
f 1240/1313/1240 1247/1320/1247 1239/1312/1239
f 1247/1320/1247 1240/1313/1240 1248/1321/1248
f 1241/1314/1241 1248/1321/1248 1240/1313/1240
f 1248/1321/1248 1241/1314/1241 1249/1322/1249
f 1243/1316/1243 1250/1323/1250 1242/1315/1242
f 1250/1323/1250 1243/1316/1243 1251/1324/1251
f 1244/1317/1244 1251/1324/1251 1243/1316/1243
f 1251/1324/1251 1244/1317/1244 1252/1325/1252
f 1245/1318/1245 1252/1325/1252 1244/1317/1244
f 1252/1325/1252 1245/1318/1245 1253/1326/1253
f 1246/1319/1246 1253/1326/1253 1245/1318/1245
f 1253/1326/1253 1246/1319/1246 1254/1327/1254
f 1247/1320/1247 1254/1327/1254 1246/1319/1246
f 1254/1327/1254 1247/1320/1247 1255/1328/1255
f 1248/1321/1248 1255/1328/1255 1247/1320/1247
f 1255/1328/1255 1248/1321/1248 1256/1329/1256
f 1249/1322/1249 1256/1329/1256 1248/1321/1248
f 1256/1329/1256 1249/1322/1249 1257/1330/1257
f 1251/1324/1251 1258/1331/1258 1250/1323/1250
f 1258/1331/1258 1251/1324/1251 1259/1332/1259
f 1252/1325/1252 1259/1332/1259 1251/1324/1251
f 1259/1332/1259 1252/1325/1252 1260/1333/1260
f 1253/1326/1253 1260/1333/1260 1252/1325/1252
f 1260/1333/1260 1253/1326/1253 1261/1334/1261
f 1254/1327/1254 1261/1334/1261 1253/1326/1253
f 1261/1334/1261 1254/1327/1254 1262/1335/1262
f 1255/1328/1255 1262/1335/1262 1254/1327/1254
f 1262/1335/1262 1255/1328/1255 1263/1336/1263
f 1256/1329/1256 1263/1336/1263 1255/1328/1255
f 1263/1336/1263 1256/1329/1256 1264/1337/1264
f 1257/1330/1257 1264/1337/1264 1256/1329/1256
f 1264/1337/1264 1257/1330/1257 1265/1338/1265
f 1259/1332/1259 1266/1339/1266 1258/1331/1258
f 1266/1339/1266 1259/1332/1259 1267/1340/1267
f 1260/1333/1260 1267/1340/1267 1259/1332/1259
f 1267/1340/1267 1260/1333/1260 1268/1341/1268
f 1261/1334/1261 1268/1341/1268 1260/1333/1260
f 1268/1341/1268 1261/1334/1261 1269/1342/1269
f 1262/1335/1262 1269/1342/1269 1261/1334/1261
f 1269/1342/1269 1262/1335/1262 1270/1343/1270
f 1263/1336/1263 1270/1343/1270 1262/1335/1262
f 1270/1343/1270 1263/1336/1263 1271/1344/1271
f 1264/1337/1264 1271/1344/1271 1263/1336/1263
f 1271/1344/1271 1264/1337/1264 1272/1345/1272
f 1265/1338/1265 1272/1345/1272 1264/1337/1264
f 1272/1345/1272 1265/1338/1265 1273/1346/1273
f 1267/1340/1267 1274/1347/1274 1266/1339/1266
f 1274/1347/1274 1267/1340/1267 1275/1348/1275
f 1268/1341/1268 1275/1348/1275 1267/1340/1267
f 1275/1348/1275 1268/1341/1268 1276/1349/1276
f 1269/1342/1269 1276/1349/1276 1268/1341/1268
f 1276/1349/1276 1269/1342/1269 1277/1350/1277
f 1270/1343/1270 1277/1350/1277 1269/1342/1269
f 1277/1350/1277 1270/1343/1270 1278/1351/1278
f 1271/1344/1271 1278/1351/1278 1270/1343/1270
f 1278/1351/1278 1271/1344/1271 1279/1352/1279
f 1272/1345/1272 1279/1352/1279 1271/1344/1271
f 1279/1352/1279 1272/1345/1272 1280/1353/1280
f 1273/1346/1273 1280/1353/1280 1272/1345/1272
f 1280/1353/1280 1273/1346/1273 1281/1354/1281
f 1275/1348/1275 1282/1355/1282 1274/1347/1274
f 1282/1355/1282 1275/1348/1275 1283/1356/1283
f 1276/1349/1276 1283/1356/1283 1275/1348/1275
f 1283/1356/1283 1276/1349/1276 1284/1357/1284
f 1277/1350/1277 1284/1357/1284 1276/1349/1276
f 1284/1357/1284 1277/1350/1277 1285/1358/1285
f 1278/1351/1278 1285/1358/1285 1277/1350/1277
f 1285/1358/1285 1278/1351/1278 1286/1359/1286
f 1279/1352/1279 1286/1359/1286 1278/1351/1278
f 1286/1359/1286 1279/1352/1279 1287/1360/1287
f 1280/1353/1280 1287/1360/1287 1279/1352/1279
f 1287/1360/1287 1280/1353/1280 1288/1361/1288
f 1281/1354/1281 1288/1361/1288 1280/1353/1280
f 1288/1361/1288 1281/1354/1281 1289/1362/1289
f 1136/1202/1136 1241/1314/1241 1093/1159/1093
f 1241/1314/1241 1136/1202/1136 1290/1363/1290
f 1137/1203/1137 1290/1363/1290 1136/1202/1136
f 1290/1363/1290 1137/1203/1137 1291/1364/1291
f 1138/1204/1138 1291/1364/1291 1137/1203/1137
f 1291/1364/1291 1138/1204/1138 1292/1365/1292
f 1139/1205/1139 1292/1365/1292 1138/1204/1138
f 1292/1365/1292 1139/1205/1139 1293/1366/1293
f 1140/1206/1140 1293/1366/1293 1139/1205/1139
f 1293/1366/1293 1140/1206/1140 1294/1367/1294
f 1141/1207/1141 1294/1367/1294 1140/1206/1140
f 1294/1367/1294 1141/1207/1141 1295/1368/1295
f 1142/1208/1142 1295/1368/1295 1141/1207/1141
f 1295/1368/1295 1142/1208/1142 1296/1369/1296
f 1290/1363/1290 1249/1322/1249 1241/1314/1241
f 1249/1322/1249 1290/1363/1290 1297/1370/1297
f 1291/1364/1291 1297/1370/1297 1290/1363/1290
f 1297/1370/1297 1291/1364/1291 1298/1371/1298
f 1292/1365/1292 1298/1371/1298 1291/1364/1291
f 1298/1371/1298 1292/1365/1292 1299/1372/1299
f 1293/1366/1293 1299/1372/1299 1292/1365/1292
f 1299/1372/1299 1293/1366/1293 1300/1373/1300
f 1294/1367/1294 1300/1373/1300 1293/1366/1293
f 1300/1373/1300 1294/1367/1294 1301/1374/1301
f 1295/1368/1295 1301/1374/1301 1294/1367/1294
f 1301/1374/1301 1295/1368/1295 1302/1375/1302
f 1296/1369/1296 1302/1375/1302 1295/1368/1295
f 1302/1375/1302 1296/1369/1296 1303/1376/1303
f 1297/1370/1297 1257/1330/1257 1249/1322/1249
f 1257/1330/1257 1297/1370/1297 1304/1377/1304
f 1298/1371/1298 1304/1377/1304 1297/1370/1297
f 1304/1377/1304 1298/1371/1298 1305/1378/1305
f 1299/1372/1299 1305/1378/1305 1298/1371/1298
f 1305/1378/1305 1299/1372/1299 1306/1379/1306
f 1300/1373/1300 1306/1379/1306 1299/1372/1299
f 1306/1379/1306 1300/1373/1300 1307/1380/1307
f 1301/1374/1301 1307/1380/1307 1300/1373/1300
f 1307/1380/1307 1301/1374/1301 1308/1381/1308
f 1302/1375/1302 1308/1381/1308 1301/1374/1301
f 1308/1381/1308 1302/1375/1302 1309/1382/1309
f 1303/1376/1303 1309/1382/1309 1302/1375/1302
f 1309/1382/1309 1303/1376/1303 1310/1383/1310
f 1304/1377/1304 1265/1338/1265 1257/1330/1257
f 1265/1338/1265 1304/1377/1304 1311/1384/1311
f 1305/1378/1305 1311/1384/1311 1304/1377/1304
f 1311/1384/1311 1305/1378/1305 1312/1385/1312
f 1306/1379/1306 1312/1385/1312 1305/1378/1305
f 1312/1385/1312 1306/1379/1306 1313/1386/1313
f 1307/1380/1307 1313/1386/1313 1306/1379/1306
f 1313/1386/1313 1307/1380/1307 1314/1387/1314
f 1308/1381/1308 1314/1387/1314 1307/1380/1307
f 1314/1387/1314 1308/1381/1308 1315/1388/1315
f 1309/1382/1309 1315/1388/1315 1308/1381/1308
f 1315/1388/1315 1309/1382/1309 1316/1389/1316
f 1310/1383/1310 1316/1389/1316 1309/1382/1309
f 1316/1389/1316 1310/1383/1310 1317/1390/1317
f 1311/1384/1311 1273/1346/1273 1265/1338/1265
f 1273/1346/1273 1311/1384/1311 1318/1391/1318
f 1312/1385/1312 1318/1391/1318 1311/1384/1311
f 1318/1391/1318 1312/1385/1312 1319/1392/1319
f 1313/1386/1313 1319/1392/1319 1312/1385/1312
f 1319/1392/1319 1313/1386/1313 1320/1393/1320
f 1314/1387/1314 1320/1393/1320 1313/1386/1313
f 1320/1393/1320 1314/1387/1314 1321/1394/1321
f 1315/1388/1315 1321/1394/1321 1314/1387/1314
f 1321/1394/1321 1315/1388/1315 1322/1395/1322
f 1316/1389/1316 1322/1395/1322 1315/1388/1315
f 1322/1395/1322 1316/1389/1316 1323/1396/1323
f 1317/1390/1317 1323/1396/1323 1316/1389/1316
f 1323/1396/1323 1317/1390/1317 1324/1397/1324
f 1318/1391/1318 1281/1354/1281 1273/1346/1273
f 1281/1354/1281 1318/1391/1318 1325/1398/1325
f 1319/1392/1319 1325/1398/1325 1318/1391/1318
f 1325/1398/1325 1319/1392/1319 1326/1399/1326
f 1320/1393/1320 1326/1399/1326 1319/1392/1319
f 1326/1399/1326 1320/1393/1320 1327/1400/1327
f 1321/1394/1321 1327/1400/1327 1320/1393/1320
f 1327/1400/1327 1321/1394/1321 1328/1401/1328
f 1322/1395/1322 1328/1401/1328 1321/1394/1321
f 1328/1401/1328 1322/1395/1322 1329/1402/1329
f 1323/1396/1323 1329/1402/1329 1322/1395/1322
f 1329/1402/1329 1323/1396/1323 1330/1403/1330
f 1324/1397/1324 1330/1403/1330 1323/1396/1323
f 1330/1403/1330 1324/1397/1324 1331/1404/1331
f 1325/1398/1325 1289/1362/1289 1281/1354/1281
f 1289/1362/1289 1325/1398/1325 1332/1405/1332
f 1326/1399/1326 1332/1405/1332 1325/1398/1325
f 1332/1405/1332 1326/1399/1326 1333/1406/1333
f 1327/1400/1327 1333/1406/1333 1326/1399/1326
f 1333/1406/1333 1327/1400/1327 1334/1407/1334
f 1328/1401/1328 1334/1407/1334 1327/1400/1327
f 1334/1407/1334 1328/1401/1328 1335/1408/1335
f 1329/1402/1329 1335/1408/1335 1328/1401/1328
f 1335/1408/1335 1329/1402/1329 1336/1409/1336
f 1330/1403/1330 1336/1409/1336 1329/1402/1329
f 1336/1409/1336 1330/1403/1330 1337/1410/1337
f 1331/1404/1331 1337/1410/1337 1330/1403/1330
f 1337/1410/1337 1331/1404/1331 1338/1411/1338
f 1339/1412/1339 1186/1252/1186 1185/1251/1185
f 1186/1252/1186 1339/1412/1339 1340/1413/1340
f 1340/1413/1340 1187/1253/1187 1186/1252/1186
f 1187/1253/1187 1340/1413/1340 1341/1414/1341
f 1341/1414/1341 1188/1254/1188 1187/1253/1187
f 1188/1254/1188 1341/1414/1341 1342/1415/1342
f 1342/1415/1342 1189/1255/1189 1188/1254/1188
f 1189/1255/1189 1342/1415/1342 1343/1416/1343
f 1343/1416/1343 1190/1256/1190 1189/1255/1189
f 1190/1256/1190 1343/1416/1343 1344/1417/1344
f 1344/1417/1344 1191/1257/1191 1190/1256/1190
f 1191/1257/1191 1344/1417/1344 1345/1418/1345
f 1345/1418/1345 1142/1208/1142 1191/1257/1191
f 1142/1208/1142 1345/1418/1345 1296/1369/1296
f 1346/1419/1346 1340/1413/1340 1339/1412/1339
f 1340/1413/1340 1346/1419/1346 1347/1420/1347
f 1347/1420/1347 1341/1414/1341 1340/1413/1340
f 1341/1414/1341 1347/1420/1347 1348/1421/1348
f 1348/1421/1348 1342/1415/1342 1341/1414/1341
f 1342/1415/1342 1348/1421/1348 1349/1422/1349
f 1349/1422/1349 1343/1416/1343 1342/1415/1342
f 1343/1416/1343 1349/1422/1349 1350/1423/1350
f 1350/1423/1350 1344/1417/1344 1343/1416/1343
f 1344/1417/1344 1350/1423/1350 1351/1424/1351
f 1351/1424/1351 1345/1418/1345 1344/1417/1344
f 1345/1418/1345 1351/1424/1351 1352/1425/1352
f 1352/1425/1352 1296/1369/1296 1345/1418/1345
f 1296/1369/1296 1352/1425/1352 1303/1376/1303
f 1353/1426/1353 1347/1420/1347 1346/1419/1346
f 1347/1420/1347 1353/1426/1353 1354/1427/1354
f 1354/1427/1354 1348/1421/1348 1347/1420/1347
f 1348/1421/1348 1354/1427/1354 1355/1428/1355
f 1355/1428/1355 1349/1422/1349 1348/1421/1348
f 1349/1422/1349 1355/1428/1355 1356/1429/1356
f 1356/1429/1356 1350/1423/1350 1349/1422/1349
f 1350/1423/1350 1356/1429/1356 1357/1430/1357
f 1357/1430/1357 1351/1424/1351 1350/1423/1350
f 1351/1424/1351 1357/1430/1357 1358/1431/1358
f 1358/1431/1358 1352/1425/1352 1351/1424/1351
f 1352/1425/1352 1358/1431/1358 1359/1432/1359
f 1359/1432/1359 1303/1376/1303 1352/1425/1352
f 1303/1376/1303 1359/1432/1359 1310/1383/1310
f 1360/1433/1360 1354/1427/1354 1353/1426/1353
f 1354/1427/1354 1360/1433/1360 1361/1434/1361
f 1361/1434/1361 1355/1428/1355 1354/1427/1354
f 1355/1428/1355 1361/1434/1361 1362/1435/1362
f 1362/1435/1362 1356/1429/1356 1355/1428/1355
f 1356/1429/1356 1362/1435/1362 1363/1436/1363
f 1363/1436/1363 1357/1430/1357 1356/1429/1356
f 1357/1430/1357 1363/1436/1363 1364/1437/1364
f 1364/1437/1364 1358/1431/1358 1357/1430/1357
f 1358/1431/1358 1364/1437/1364 1365/1438/1365
f 1365/1438/1365 1359/1432/1359 1358/1431/1358
f 1359/1432/1359 1365/1438/1365 1366/1439/1366
f 1366/1439/1366 1310/1383/1310 1359/1432/1359
f 1310/1383/1310 1366/1439/1366 1317/1390/1317
f 1367/1440/1367 1361/1434/1361 1360/1433/1360
f 1361/1434/1361 1367/1440/1367 1368/1441/1368
f 1368/1441/1368 1362/1435/1362 1361/1434/1361
f 1362/1435/1362 1368/1441/1368 1369/1442/1369
f 1369/1442/1369 1363/1436/1363 1362/1435/1362
f 1363/1436/1363 1369/1442/1369 1370/1443/1370
f 1370/1443/1370 1364/1437/1364 1363/1436/1363
f 1364/1437/1364 1370/1443/1370 1371/1444/1371
f 1371/1444/1371 1365/1438/1365 1364/1437/1364
f 1365/1438/1365 1371/1444/1371 1372/1445/1372
f 1372/1445/1372 1366/1439/1366 1365/1438/1365
f 1366/1439/1366 1372/1445/1372 1373/1446/1373
f 1373/1446/1373 1317/1390/1317 1366/1439/1366
f 1317/1390/1317 1373/1446/1373 1324/1397/1324
f 1374/1447/1374 1368/1441/1368 1367/1440/1367
f 1368/1441/1368 1374/1447/1374 1375/1448/1375
f 1375/1448/1375 1369/1442/1369 1368/1441/1368
f 1369/1442/1369 1375/1448/1375 1376/1449/1376
f 1376/1449/1376 1370/1443/1370 1369/1442/1369
f 1370/1443/1370 1376/1449/1376 1377/1450/1377
f 1377/1450/1377 1371/1444/1371 1370/1443/1370
f 1371/1444/1371 1377/1450/1377 1378/1451/1378
f 1378/1451/1378 1372/1445/1372 1371/1444/1371
f 1372/1445/1372 1378/1451/1378 1379/1452/1379
f 1379/1452/1379 1373/1446/1373 1372/1445/1372
f 1373/1446/1373 1379/1452/1379 1380/1453/1380
f 1380/1453/1380 1324/1397/1324 1373/1446/1373
f 1324/1397/1324 1380/1453/1380 1331/1404/1331
f 1381/1454/1381 1375/1448/1375 1374/1447/1374
f 1375/1448/1375 1381/1454/1381 1382/1455/1382
f 1382/1455/1382 1376/1449/1376 1375/1448/1375
f 1376/1449/1376 1382/1455/1382 1383/1456/1383
f 1383/1456/1383 1377/1450/1377 1376/1449/1376
f 1377/1450/1377 1383/1456/1383 1384/1457/1384
f 1384/1457/1384 1378/1451/1378 1377/1450/1377
f 1378/1451/1378 1384/1457/1384 1385/1458/1385
f 1385/1458/1385 1379/1452/1379 1378/1451/1378
f 1379/1452/1379 1385/1458/1385 1386/1459/1386
f 1386/1459/1386 1380/1453/1380 1379/1452/1379
f 1380/1453/1380 1386/1459/1386 1387/1460/1387
f 1387/1460/1387 1331/1404/1331 1380/1453/1380
f 1331/1404/1331 1387/1460/1387 1338/1411/1338
f 1234/1461/1234 1228/1301/1228 1086/1300/1086
f 1228/1301/1228 1234/1461/1234 1388/1462/1388
f 1388/1462/1388 1229/1302/1229 1228/1301/1228
f 1229/1302/1229 1388/1462/1388 1389/1463/1389
f 1389/1463/1389 1230/1303/1230 1229/1302/1229
f 1230/1303/1230 1389/1463/1389 1390/1464/1390
f 1390/1464/1390 1231/1304/1231 1230/1303/1230
f 1231/1304/1231 1390/1464/1390 1391/1465/1391
f 1391/1465/1391 1232/1305/1232 1231/1304/1231
f 1232/1305/1232 1391/1465/1391 1392/1466/1392
f 1392/1466/1392 1233/1306/1233 1232/1305/1232
f 1233/1306/1233 1392/1466/1392 1393/1467/1393
f 1393/1467/1393 1185/1251/1185 1233/1306/1233
f 1185/1251/1185 1393/1467/1393 1339/1412/1339
f 1242/1468/1242 1388/1462/1388 1234/1461/1234
f 1388/1462/1388 1242/1468/1242 1394/1469/1394
f 1394/1469/1394 1389/1463/1389 1388/1462/1388
f 1389/1463/1389 1394/1469/1394 1395/1470/1395
f 1395/1470/1395 1390/1464/1390 1389/1463/1389
f 1390/1464/1390 1395/1470/1395 1396/1471/1396
f 1396/1471/1396 1391/1465/1391 1390/1464/1390
f 1391/1465/1391 1396/1471/1396 1397/1472/1397
f 1397/1472/1397 1392/1466/1392 1391/1465/1391
f 1392/1466/1392 1397/1472/1397 1398/1473/1398
f 1398/1473/1398 1393/1467/1393 1392/1466/1392
f 1393/1467/1393 1398/1473/1398 1399/1474/1399
f 1399/1474/1399 1339/1412/1339 1393/1467/1393
f 1339/1412/1339 1399/1474/1399 1346/1419/1346
f 1250/1475/1250 1394/1469/1394 1242/1468/1242
f 1394/1469/1394 1250/1475/1250 1400/1476/1400
f 1400/1476/1400 1395/1470/1395 1394/1469/1394
f 1395/1470/1395 1400/1476/1400 1401/1477/1401
f 1401/1477/1401 1396/1471/1396 1395/1470/1395
f 1396/1471/1396 1401/1477/1401 1402/1478/1402
f 1402/1478/1402 1397/1472/1397 1396/1471/1396
f 1397/1472/1397 1402/1478/1402 1403/1479/1403
f 1403/1479/1403 1398/1473/1398 1397/1472/1397
f 1398/1473/1398 1403/1479/1403 1404/1480/1404
f 1404/1480/1404 1399/1474/1399 1398/1473/1398
f 1399/1474/1399 1404/1480/1404 1405/1481/1405
f 1405/1481/1405 1346/1419/1346 1399/1474/1399
f 1346/1419/1346 1405/1481/1405 1353/1426/1353
f 1258/1482/1258 1400/1476/1400 1250/1475/1250
f 1400/1476/1400 1258/1482/1258 1406/1483/1406
f 1406/1483/1406 1401/1477/1401 1400/1476/1400
f 1401/1477/1401 1406/1483/1406 1407/1484/1407
f 1407/1484/1407 1402/1478/1402 1401/1477/1401
f 1402/1478/1402 1407/1484/1407 1408/1485/1408
f 1408/1485/1408 1403/1479/1403 1402/1478/1402
f 1403/1479/1403 1408/1485/1408 1409/1486/1409
f 1409/1486/1409 1404/1480/1404 1403/1479/1403
f 1404/1480/1404 1409/1486/1409 1410/1487/1410
f 1410/1487/1410 1405/1481/1405 1404/1480/1404
f 1405/1481/1405 1410/1487/1410 1411/1488/1411
f 1411/1488/1411 1353/1426/1353 1405/1481/1405
f 1353/1426/1353 1411/1488/1411 1360/1433/1360
f 1266/1489/1266 1406/1483/1406 1258/1482/1258
f 1406/1483/1406 1266/1489/1266 1412/1490/1412
f 1412/1490/1412 1407/1484/1407 1406/1483/1406
f 1407/1484/1407 1412/1490/1412 1413/1491/1413
f 1413/1491/1413 1408/1485/1408 1407/1484/1407
f 1408/1485/1408 1413/1491/1413 1414/1492/1414
f 1414/1492/1414 1409/1486/1409 1408/1485/1408
f 1409/1486/1409 1414/1492/1414 1415/1493/1415
f 1415/1493/1415 1410/1487/1410 1409/1486/1409
f 1410/1487/1410 1415/1493/1415 1416/1494/1416
f 1416/1494/1416 1411/1488/1411 1410/1487/1410
f 1411/1488/1411 1416/1494/1416 1417/1495/1417
f 1417/1495/1417 1360/1433/1360 1411/1488/1411
f 1360/1433/1360 1417/1495/1417 1367/1440/1367
f 1274/1496/1274 1412/1490/1412 1266/1489/1266
f 1412/1490/1412 1274/1496/1274 1418/1497/1418
f 1418/1497/1418 1413/1491/1413 1412/1490/1412
f 1413/1491/1413 1418/1497/1418 1419/1498/1419
f 1419/1498/1419 1414/1492/1414 1413/1491/1413
f 1414/1492/1414 1419/1498/1419 1420/1499/1420
f 1420/1499/1420 1415/1493/1415 1414/1492/1414
f 1415/1493/1415 1420/1499/1420 1421/1500/1421
f 1421/1500/1421 1416/1494/1416 1415/1493/1415
f 1416/1494/1416 1421/1500/1421 1422/1501/1422
f 1422/1501/1422 1417/1495/1417 1416/1494/1416
f 1417/1495/1417 1422/1501/1422 1423/1502/1423
f 1423/1502/1423 1367/1440/1367 1417/1495/1417
f 1367/1440/1367 1423/1502/1423 1374/1447/1374
f 1282/1503/1282 1418/1497/1418 1274/1496/1274
f 1418/1497/1418 1282/1503/1282 1424/1504/1424
f 1424/1504/1424 1419/1498/1419 1418/1497/1418
f 1419/1498/1419 1424/1504/1424 1425/1505/1425
f 1425/1505/1425 1420/1499/1420 1419/1498/1419
f 1420/1499/1420 1425/1505/1425 1426/1506/1426
f 1426/1506/1426 1421/1500/1421 1420/1499/1420
f 1421/1500/1421 1426/1506/1426 1427/1507/1427
f 1427/1507/1427 1422/1501/1422 1421/1500/1421
f 1422/1501/1422 1427/1507/1427 1428/1508/1428
f 1428/1508/1428 1423/1502/1423 1422/1501/1422
f 1423/1502/1423 1428/1508/1428 1429/1509/1429
f 1429/1509/1429 1374/1447/1374 1423/1502/1423
f 1374/1447/1374 1429/1509/1429 1381/1454/1381
